x_m,y_m,w_tr_right_m,w_tr_left_m,psi_rad,kappa_radpm,vx_mps,ax_mps2
8.000000000000000444e-01,3.160000000000000142e+00,8.324920000000000098e-01,9.175079999999999902e-01,2.127310000000000034e-01,-6.846809999999999619e+00,5.000000000000000000e-01,7.876943999999999946e+00
8.469960000000000822e-01,3.170151000000000163e+00,7.822320000000000384e-01,9.677679999999999616e-01,1.287530000000000063e-01,-1.734547000000000061e+00,1.003721000000000085e+00,7.871707999999999927e+00
8.953140000000001653e-01,3.176406000000000507e+00,7.833989999999999565e-01,9.666010000000000435e-01,8.119400000000000228e-02,-9.703119999999999523e-01,1.332103999999999955e+00,7.875475999999999921e+00
9.444500000000000117e-01,3.180405000000000371e+00,8.344549999999999468e-01,9.155450000000000532e-01,4.812700000000000311e-02,-6.672799999999999843e-01,1.597185000000000077e+00,7.878313999999999595e+00
9.942010000000001124e-01,3.182801000000000435e+00,8.349379999999999580e-01,9.150620000000000420e-01,2.274999999999999939e-02,-5.073870000000000324e-01,1.826424000000000047e+00,7.879704000000000264e+00
1.044404000000000110e+00,3.183943000000000190e+00,7.847239999999999771e-01,9.152759999999999785e-01,2.033999999999999784e-03,-4.114740000000000064e-01,2.031555000000000000e+00,7.878889000000000031e+00
1.094879000000000158e+00,3.184046000000000376e+00,7.838439999999999852e-01,9.161559999999999704e-01,-1.565199999999999925e-02,-3.501460000000000128e-01,2.218691000000000191e+00,7.875214999999999854e+00
1.145418999999999965e+00,3.183255000000000390e+00,7.323990000000000222e-01,9.176010000000000000e-01,-3.129500000000000337e-02,-3.098569999999999935e-01,2.391386999999999929e+00,7.868058999999999692e+00
1.195815999999999990e+00,3.181677000000000533e+00,7.305249999999999799e-01,8.694749999999999979e-01,-4.554600000000000315e-02,-2.835050000000000070e-01,2.551896000000000164e+00,7.856673999999999936e+00
1.245875999999999983e+00,3.179396000000000555e+00,7.283650000000000402e-01,8.716350000000000486e-01,-5.886500000000000066e-02,-2.669810000000000239e-01,2.701778000000000013e+00,7.840139999999999887e+00
1.295454000000000105e+00,3.176474000000000242e+00,6.760519999999999863e-01,8.739479999999999471e-01,-7.158699999999999786e-02,-2.575129999999999919e-01,2.842246999999999968e+00,7.817601999999999940e+00
1.344469000000000136e+00,3.172959000000000529e+00,6.736959999999999615e-01,8.263040000000000385e-01,-8.394300000000000372e-02,-2.528159999999999852e-01,2.974340000000000206e+00,7.788790999999999798e+00
1.392899000000000109e+00,3.168884000000000256e+00,7.213870000000000005e-01,8.286130000000000440e-01,-9.607899999999999774e-02,-2.510260000000000269e-01,3.098997999999999919e+00,7.754077999999999804e+00
1.440771000000000024e+00,3.164270000000000138e+00,7.191940000000000000e-01,8.308060000000000445e-01,-1.080789999999999945e-01,-2.506390000000000007e-01,3.217086999999999808e+00,7.714572000000000429e+00
1.488151000000000002e+00,3.159129000000000520e+00,6.671789999999999665e-01,7.828209999999999891e-01,-1.199719999999999953e-01,-2.504359999999999919e-01,3.329410999999999898e+00,7.672233000000000303e+00
1.535128999999999966e+00,3.153466000000000324e+00,6.653940000000000410e-01,7.346059999999999812e-01,-1.317490000000000050e-01,-2.494999999999999996e-01,3.436722000000000055e+00,7.629671000000000092e+00
1.581806000000000045e+00,3.147281000000000439e+00,6.638880000000000337e-01,7.361119999999999886e-01,-1.433760000000000034e-01,-2.472709999999999908e-01,3.539709999999999912e+00,7.589614000000000082e+00
1.628283000000000147e+00,3.140571000000000446e+00,6.627129999999999965e-01,7.372870000000000257e-01,-1.548100000000000032e-01,-2.435890000000000000e-01,3.639005000000000045e+00,7.554134000000000349e+00
1.674647000000000219e+00,3.133335000000000203e+00,7.119290000000000340e-01,6.880709999999999882e-01,-1.660159999999999969e-01,-2.386860000000000093e-01,3.735148000000000135e+00,7.523915999999999826e+00
1.720967000000000136e+00,3.125574000000000296e+00,6.616049999999999986e-01,6.883949999999999791e-01,-1.769699999999999884e-01,-2.330139999999999989e-01,3.828584999999999905e+00,7.498318000000000261e+00
1.767289000000000110e+00,3.117290000000000560e+00,6.618180000000000174e-01,5.881819999999999826e-01,-1.876649999999999985e-01,-2.269500000000000128e-01,3.919665000000000177e+00,7.476427000000000156e+00
1.813651000000000124e+00,3.108486000000000526e+00,6.626450000000000395e-01,5.873549999999999605e-01,-1.980999999999999983e-01,-2.207369999999999888e-01,4.008666999999999980e+00,7.457500999999999713e+00
1.860078000000000120e+00,3.099166000000000309e+00,6.641559999999999686e-01,5.858440000000000314e-01,-2.082799999999999929e-01,-2.145630000000000037e-01,4.095813999999999844e+00,7.440771999999999942e+00
1.906589000000000089e+00,3.089337000000000444e+00,6.664039999999999964e-01,5.835960000000000036e-01,-2.182189999999999963e-01,-2.086419999999999941e-01,4.181284999999999918e+00,7.425092000000000247e+00
1.953193000000000179e+00,3.079002000000000461e+00,6.194180000000000241e-01,5.805820000000000425e-01,-2.279430000000000067e-01,-2.032940000000000025e-01,4.265212000000000003e+00,7.408388999999999669e+00
1.999885000000000135e+00,3.068171000000000426e+00,6.731989999999999919e-01,5.768010000000000081e-01,-2.374999999999999889e-01,-1.990210000000000035e-01,4.347671000000000063e+00,7.387012999999999607e+00
2.046642999999999990e+00,3.056852000000000569e+00,6.777039999999999731e-01,5.722960000000000269e-01,-2.469679999999999931e-01,-1.965409999999999935e-01,4.428657000000000288e+00,7.355059999999999931e+00
2.093418000000000223e+00,3.045059000000000182e+00,6.328460000000000196e-01,5.171540000000000026e-01,-2.564660000000000273e-01,-1.967730000000000035e-01,4.508060999999999652e+00,7.303579000000000043e+00
2.140127999999999808e+00,3.032810000000000450e+00,6.384800000000000475e-01,5.115199999999999747e-01,-2.661499999999999977e-01,-2.006830000000000003e-01,4.585628999999999955e+00,7.220234999999999737e+00
2.186653000000000180e+00,3.020127000000000450e+00,6.443999999999999728e-01,5.555999999999999828e-01,-2.761899999999999911e-01,-2.086560000000000081e-01,4.660940000000000083e+00,7.092705999999999733e+00
2.232842000000000215e+00,3.007035000000000569e+00,6.003530000000000255e-01,5.496469999999999967e-01,-2.867140000000000244e-01,-2.200529999999999986e-01,4.733432999999999780e+00,6.913755000000000095e+00
2.278538000000000174e+00,2.993562000000000278e+00,6.060579999999999856e-01,5.439420000000000366e-01,-2.977750000000000119e-01,-2.333999999999999964e-01,4.802514999999999645e+00,6.684910999999999603e+00
2.323609999999999953e+00,2.979730000000000434e+00,6.612339999999999884e-01,5.387659999999999672e-01,-3.093359999999999999e-01,-2.466919999999999946e-01,4.867697999999999858e+00,6.421109999999999651e+00
2.367977999999999916e+00,2.965550000000000352e+00,6.156160000000000521e-01,5.343839999999999701e-01,-3.212709999999999733e-01,-2.577670000000000239e-01,4.928759999999999586e+00,6.153821999999999903e+00
2.411643999999999899e+00,2.951018000000000363e+00,5.689819999999999878e-01,5.310179999999999900e-01,-3.333960000000000257e-01,-2.647880000000000233e-01,4.985889000000000237e+00,5.926727999999999774e+00
2.454696000000000211e+00,2.936108000000000384e+00,6.211630000000000207e-01,5.288370000000000015e-01,-3.455090000000000106e-01,-2.666939999999999866e-01,5.039756999999999820e+00,5.781212000000000018e+00
2.497301000000000215e+00,2.920772000000000368e+00,5.720560000000000089e-01,5.279439999999999689e-01,-3.574289999999999967e-01,-2.634009999999999962e-01,5.091434999999999711e+00,5.738522999999999818e+00
2.539667000000000119e+00,2.904950000000000365e+00,6.216399999999999704e-01,5.283600000000000518e-01,-3.689970000000000194e-01,-2.553449999999999886e-01,5.142154999999999809e+00,5.798360999999999876e+00
2.581996000000000180e+00,2.888581000000000287e+00,5.699720000000000342e-01,5.300280000000000546e-01,-3.800629999999999842e-01,-2.429939999999999878e-01,5.193077999999999861e+00,5.948322000000000109e+00
2.624433999999999934e+00,2.871627000000000152e+00,6.171809999999999796e-01,5.328190000000000426e-01,-3.904839999999999978e-01,-2.270439999999999958e-01,5.245162999999999798e+00,6.164301000000000030e+00
2.667056000000000093e+00,2.854083000000000148e+00,5.634540000000000104e-01,5.365459999999999674e-01,-4.001379999999999937e-01,-2.085919999999999996e-01,5.299055000000000071e+00,6.413818000000000019e+00
2.709859999999999935e+00,2.835979000000000472e+00,5.590279999999999694e-01,5.409720000000000084e-01,-4.089539999999999842e-01,-1.890779999999999961e-01,5.355012999999999579e+00,6.663960000000000328e+00
2.752782999999999980e+00,2.817377000000000464e+00,5.541719999999999979e-01,5.458279999999999799e-01,-4.169249999999999901e-01,-1.700530000000000097e-01,5.412914999999999921e+00,6.888812999999999853e+00
2.795719000000000065e+00,2.798361000000000320e+00,5.491709999999999647e-01,5.508290000000000131e-01,-4.241079999999999850e-01,-1.529079999999999884e-01,5.472353000000000023e+00,7.072916000000000203e+00
2.838555000000000383e+00,2.779020000000000490e+00,5.443059999999999565e-01,5.556940000000000213e-01,-4.306180000000000008e-01,-1.386360000000000092e-01,5.532765000000000377e+00,7.210892000000000301e+00
2.881185000000000329e+00,2.759437000000000140e+00,5.398319999999999785e-01,5.601679999999999993e-01,-4.365959999999999841e-01,-1.276619999999999977e-01,5.593575000000000408e+00,7.305269000000000013e+00
2.923544000000000143e+00,2.739671000000000411e+00,5.359580000000000455e-01,5.640420000000000433e-01,-4.421809999999999907e-01,-1.197389999999999982e-01,5.654293000000000013e+00,7.364296999999999649e+00
2.965610999999999997e+00,2.719755000000000145e+00,5.328249999999999931e-01,5.671749999999999847e-01,-4.474739999999999829e-01,-1.139379999999999976e-01,5.714591999999999672e+00,7.400871999999999673e+00
3.007412000000000418e+00,2.699692000000000203e+00,5.304940000000000211e-01,5.695059999999999567e-01,-4.525190000000000046e-01,-1.089330000000000020e-01,5.774328999999999823e+00,7.430178999999999867e+00
3.049007000000000023e+00,2.679471000000000380e+00,5.289409999999999945e-01,5.710589999999999833e-01,-4.573150000000000270e-01,-1.037489999999999940e-01,5.833537999999999890e+00,7.462723000000000440e+00
3.090462000000000042e+00,2.659070000000000267e+00,5.280669999999999531e-01,5.719330000000000247e-01,-4.618479999999999808e-01,-9.811100000000000376e-02,5.892348000000000141e+00,7.501088000000000200e+00
3.131836999999999982e+00,2.638476000000000266e+00,5.277169999999999916e-01,5.722829999999999862e-01,-4.661100000000000243e-01,-9.215800000000000380e-02,5.950892999999999766e+00,7.543271999999999977e+00
3.173176999999999914e+00,2.617678000000000171e+00,4.776980000000000115e-01,5.723019999999999774e-01,-4.701000000000000179e-01,-8.612300000000000511e-02,6.009267999999999610e+00,7.586395000000000444e+00
3.214516000000000151e+00,2.596674000000000149e+00,5.277929999999999566e-01,5.222069999999999768e-01,-4.738209999999999922e-01,-8.015600000000000502e-02,6.067524999999999835e+00,7.628624000000000294e+00
3.255876999999999910e+00,2.575465000000000337e+00,4.777770000000000072e-01,5.722230000000000372e-01,-4.772799999999999820e-01,-7.431000000000000105e-02,6.125687000000000104e+00,7.669249999999999901e+00
3.297280999999999906e+00,2.554052000000000433e+00,5.274360000000000159e-01,5.725639999999999619e-01,-4.804829999999999934e-01,-6.860199999999999632e-02,6.183772000000000268e+00,7.707982999999999585e+00
3.338754000000000222e+00,2.532436000000000575e+00,4.765869999999999829e-01,5.234130000000000171e-01,-4.834370000000000056e-01,-6.303699999999999581e-02,6.241795999999999900e+00,7.744634999999999714e+00
3.380322000000000049e+00,2.510613000000000206e+00,5.250909999999999744e-01,5.749090000000000034e-01,-4.861460000000000226e-01,-5.758200000000000124e-02,6.299779000000000018e+00,7.779361999999999888e+00
3.422004999999999963e+00,2.488586000000000187e+00,5.228730000000000322e-01,5.771269999999999456e-01,-4.886099999999999888e-01,-5.213899999999999785e-02,6.357731000000000243e+00,7.812738999999999656e+00
3.463816000000000006e+00,2.466359000000000190e+00,4.699180000000000024e-01,5.800819999999999865e-01,-4.908170000000000033e-01,-4.652099999999999985e-02,6.415657000000000387e+00,7.845721000000000167e+00
3.505749999999999922e+00,2.443948000000000231e+00,5.162700000000000067e-01,5.837299999999999711e-01,-4.927460000000000173e-01,-4.050200000000000328e-02,6.473540999999999990e+00,7.879018000000000299e+00
3.547779000000000238e+00,2.421382000000000367e+00,4.620190000000000130e-01,5.879809999999999759e-01,-4.943670000000000009e-01,-3.395499999999999907e-02,6.531344999999999956e+00,7.912054000000000364e+00
3.589857000000000298e+00,2.398701000000000416e+00,5.072879999999999612e-01,5.927120000000000166e-01,-4.956539999999999835e-01,-2.692100000000000048e-02,6.588996999999999993e+00,7.942817999999999934e+00
3.631917000000000062e+00,2.375960000000000516e+00,5.022299999999999542e-01,5.977700000000000236e-01,-4.965919999999999779e-01,-1.963300000000000115e-02,6.646385999999999683e+00,7.968529000000000195e+00
3.673884000000000150e+00,2.353219000000000172e+00,4.970109999999999806e-01,6.029889999999999972e-01,-4.971869999999999901e-01,-1.247799999999999951e-02,6.703369999999999607e+00,7.986811000000000327e+00
3.715679999999999872e+00,2.330538000000000221e+00,4.918029999999999902e-01,6.581970000000000320e-01,-4.974689999999999945e-01,-5.950999999999999693e-03,6.759790999999999883e+00,7.996834999999999916e+00
3.757236999999999938e+00,2.307972000000000357e+00,4.867730000000000112e-01,6.132269999999999666e-01,-4.974959999999999938e-01,-5.670000000000000127e-04,6.815504999999999924e+00,7.999886000000000053e+00
3.798507999999999996e+00,2.285560000000000258e+00,4.820720000000000005e-01,6.179280000000000328e-01,-4.973449999999999815e-01,3.229000000000000099e-03,6.870409999999999684e+00,7.998946000000000112e+00
3.839474000000000053e+00,2.263321000000000360e+00,4.778259999999999730e-01,6.221740000000000048e-01,-4.970979999999999843e-01,5.310999999999999749e-03,6.924468000000000067e+00,7.997213000000000349e+00
3.880149999999999988e+00,2.241252000000000244e+00,4.241280000000000050e-01,6.258719999999999839e-01,-4.968170000000000086e-01,6.087999999999999662e-03,6.977710000000000079e+00,7.996253000000000277e+00
3.920577999999999896e+00,2.219334000000000362e+00,4.710369999999999835e-01,6.289630000000000498e-01,-4.965350000000000041e-01,6.156000000000000014e-03,7.030211999999999684e+00,7.996056000000000274e+00
3.960812000000000221e+00,2.197534000000000542e+00,4.685779999999999945e-01,6.314220000000000388e-01,-4.962650000000000117e-01,5.903000000000000261e-03,7.082068999999999726e+00,7.996260000000000367e+00
4.000916000000000139e+00,2.175819000000000170e+00,4.667479999999999962e-01,6.332520000000000371e-01,-4.960109999999999797e-01,5.568000000000000033e-03,7.133376000000000161e+00,7.996567999999999898e+00
4.040953000000000017e+00,2.154154000000000568e+00,4.655250000000000221e-01,6.344750000000000112e-01,-4.957710000000000172e-01,5.276999999999999573e-03,7.184228000000000058e+00,7.996821999999999875e+00
4.080980999999999526e+00,2.132506000000000235e+00,4.648669999999999747e-01,6.351329999999999476e-01,-4.955410000000000093e-01,5.059000000000000129e-03,7.234704999999999941e+00,7.996991000000000405e+00
4.121046999999999905e+00,2.110849000000000419e+00,4.647200000000000220e-01,6.352799999999999558e-01,-4.953179999999999805e-01,4.879999999999999789e-03,7.284874000000000294e+00,7.997118999999999645e+00
4.161186999999999969e+00,2.089164000000000243e+00,4.150190000000000268e-01,6.349810000000000176e-01,-4.951039999999999885e-01,4.681000000000000265e-03,7.334787999999999641e+00,7.997270000000000323e+00
4.201421999999999990e+00,2.067438000000000553e+00,4.656950000000000256e-01,6.343050000000000077e-01,-4.949029999999999818e-01,4.407999999999999592e-03,7.384476000000000262e+00,7.997505999999999560e+00
4.241761999999999588e+00,2.045667000000000346e+00,4.666779999999999817e-01,5.833220000000000072e-01,-4.947170000000000178e-01,4.034000000000000259e-03,7.433957000000000370e+00,7.997842000000000340e+00
4.282204000000000121e+00,2.023850000000000371e+00,4.179019999999999957e-01,6.320980000000000487e-01,-4.945519999999999916e-01,3.591000000000000008e-03,7.483229999999999826e+00,7.998229000000000255e+00
4.322737000000000052e+00,2.001993000000000134e+00,4.693050000000000277e-01,5.806949999999999612e-01,-4.944080000000000141e-01,3.131000000000000102e-03,7.532289999999999708e+00,7.998598999999999570e+00
4.363350000000000506e+00,1.980100000000000193e+00,4.208359999999999879e-01,6.291639999999999455e-01,-4.942840000000000011e-01,2.680000000000000090e-03,7.581127000000000393e+00,7.998924999999999841e+00
4.404030999999999807e+00,1.958176000000000361e+00,4.724510000000000098e-01,6.275490000000000235e-01,-4.941800000000000082e-01,2.246999999999999865e-03,7.629730999999999597e+00,7.999201000000000228e+00
4.444768999999999970e+00,1.936228000000000282e+00,4.741130000000000067e-01,5.758870000000000378e-01,-4.940950000000000064e-01,1.838000000000000007e-03,7.678092999999999613e+00,7.999424999999999564e+00
4.485552000000000206e+00,1.914260000000000517e+00,4.257889999999999731e-01,6.242109999999999603e-01,-4.940280000000000227e-01,1.454999999999999913e-03,7.726205000000000211e+00,7.999598999999999904e+00
4.526371000000000144e+00,1.892276000000000291e+00,4.274569999999999759e-01,5.725430000000000241e-01,-4.939769999999999994e-01,1.100999999999999982e-03,7.774060000000000414e+00,7.999729999999999563e+00
4.567216000000000165e+00,1.870281000000000304e+00,4.290959999999999774e-01,6.209040000000000115e-01,-4.939410000000000189e-01,7.720000000000000083e-04,7.821652000000000271e+00,7.999820999999999849e+00
4.608080000000000176e+00,1.848277000000000392e+00,4.306940000000000213e-01,6.193060000000000231e-01,-4.939189999999999969e-01,4.690000000000000158e-04,7.868978000000000250e+00,7.999878999999999962e+00
4.648956000000000088e+00,1.826268000000000225e+00,4.322420000000000151e-01,6.177580000000000293e-01,-4.939100000000000157e-01,1.869999999999999917e-04,7.916034999999999933e+00,7.999907999999999575e+00
4.689839000000000091e+00,1.804256000000000526e+00,4.837359999999999993e-01,6.162640000000000340e-01,-4.939140000000000197e-01,-7.600000000000000418e-05,7.962820999999999927e+00,7.999913000000000274e+00
4.730722000000000094e+00,1.782243000000000244e+00,4.351740000000000053e-01,5.648260000000000502e-01,-4.939290000000000069e-01,-3.209999999999999963e-04,8.009335000000000093e+00,7.999895999999999674e+00
4.771603000000000705e+00,1.760231000000000545e+00,4.365600000000000036e-01,6.134399999999999853e-01,-4.939540000000000042e-01,-5.509999999999999490e-04,8.055578000000000571e+00,7.999861000000000111e+00
4.812478000000000478e+00,1.738221000000000238e+00,4.378980000000000095e-01,6.121020000000000350e-01,-4.939899999999999847e-01,-7.669999999999999951e-04,8.101549999999999585e+00,7.999807999999999808e+00
4.853343999999999880e+00,1.716213000000000211e+00,4.391970000000000041e-01,6.108029999999999848e-01,-4.940350000000000019e-01,-9.700000000000000505e-04,8.147254000000000218e+00,7.999741000000000213e+00
4.894198000000000270e+00,1.694210000000000438e+00,4.904649999999999843e-01,6.095350000000000490e-01,-4.940890000000000004e-01,-1.160999999999999923e-03,8.192690000000000694e+00,7.999660999999999689e+00
4.935039999999999871e+00,1.672210000000000418e+00,4.417130000000000223e-01,5.582869999999999777e-01,-4.941510000000000069e-01,-1.340000000000000045e-03,8.237863000000000824e+00,7.999569000000000152e+00
4.975868000000000180e+00,1.650215000000000432e+00,4.429520000000000124e-01,6.070480000000000320e-01,-4.942210000000000214e-01,-1.507000000000000093e-03,8.282776000000000138e+00,7.999468000000000245e+00
5.016683000000000447e+00,1.628223000000000420e+00,4.441910000000000025e-01,5.558089999999999975e-01,-4.942980000000000151e-01,-1.662000000000000066e-03,8.327431999999999945e+00,7.999360000000000248e+00
5.057482999999999507e+00,1.606235000000000301e+00,4.454429999999999779e-01,6.045570000000000110e-01,-4.943819999999999881e-01,-1.806000000000000097e-03,8.371836999999999307e+00,7.999246000000000301e+00
5.098271999999999693e+00,1.584249000000000462e+00,4.467160000000000020e-01,6.032840000000000424e-01,-4.944720000000000226e-01,-1.941000000000000017e-03,8.415995999999999810e+00,7.999126999999999654e+00
5.139048999999999978e+00,1.562264000000000319e+00,4.480180000000000273e-01,5.519819999999999727e-01,-4.945680000000000076e-01,-2.069999999999999792e-03,8.459913000000000238e+00,7.998999000000000414e+00
5.179816000000000642e+00,1.540279000000000398e+00,4.993560000000000221e-01,6.006439999999999557e-01,-4.946690000000000254e-01,-2.196000000000000035e-03,8.503595000000000681e+00,7.998863000000000056e+00
5.220575000000000188e+00,1.518294000000000255e+00,4.507349999999999968e-01,5.492650000000000032e-01,-4.947770000000000223e-01,-2.318999999999999881e-03,8.547045999999999921e+00,7.998719000000000356e+00
5.261326999999999643e+00,1.496306000000000358e+00,4.521580000000000044e-01,5.978419999999999845e-01,-4.948899999999999966e-01,-2.438000000000000063e-03,8.590272000000000574e+00,7.998565000000000147e+00
5.302074000000000176e+00,1.474316000000000404e+00,4.536279999999999757e-01,5.963720000000000132e-01,-4.950080000000000036e-01,-2.556000000000000112e-03,8.633276999999999646e+00,7.998401999999999568e+00
5.342817000000000149e+00,1.452321000000000417e+00,4.551450000000000218e-01,5.948550000000000226e-01,-4.951320000000000165e-01,-2.671000000000000197e-03,8.676066999999999751e+00,7.998230000000000395e+00
5.383557999999999844e+00,1.430322000000000315e+00,5.067080000000000473e-01,5.932920000000000416e-01,-4.952599999999999780e-01,-2.785000000000000149e-03,8.718647000000000702e+00,7.998046999999999684e+00
5.424297000000000146e+00,1.408316000000000345e+00,4.583160000000000012e-01,5.416840000000000543e-01,-4.953949999999999743e-01,-2.897999999999999968e-03,8.761020000000000252e+00,7.997853000000000101e+00
5.465035000000000309e+00,1.386303000000000285e+00,4.599659999999999860e-01,5.900339999999999474e-01,-4.955339999999999745e-01,-3.010000000000000089e-03,8.803190999999999988e+00,7.997647999999999868e+00
5.505774999999999864e+00,1.364282000000000439e+00,4.616540000000000088e-01,5.383459999999999912e-01,-4.956789999999999807e-01,-3.122000000000000209e-03,8.845164000000000470e+00,7.997429000000000343e+00
5.546516999999999697e+00,1.342253000000000362e+00,4.633729999999999793e-01,5.866270000000000095e-01,-4.958279999999999910e-01,-3.233000000000000197e-03,8.886941999999999453e+00,7.997196999999999889e+00
5.587260999999999811e+00,1.320215000000000360e+00,5.151179999999999648e-01,5.848820000000000130e-01,-4.959830000000000072e-01,-3.346000000000000016e-03,8.928530000000000300e+00,7.996950000000000003e+00
5.628008000000000344e+00,1.298167000000000293e+00,4.668809999999999905e-01,5.331190000000000095e-01,-4.961439999999999739e-01,-3.458000000000000136e-03,8.969929999999999737e+00,7.996688999999999936e+00
5.668758000000000408e+00,1.276108000000000464e+00,4.686540000000000150e-01,5.813460000000000294e-01,-4.963090000000000002e-01,-3.570999999999999956e-03,9.011146000000000100e+00,7.996411000000000158e+00
5.709513000000000282e+00,1.254039000000000348e+00,4.704269999999999841e-01,5.295729999999999604e-01,-4.964799999999999769e-01,-3.684000000000000209e-03,9.052180999999999145e+00,7.996116999999999919e+00
5.750270999999999688e+00,1.231959000000000248e+00,4.721899999999999986e-01,5.778100000000000458e-01,-4.966559999999999864e-01,-3.797000000000000028e-03,9.093035999999999675e+00,7.995808000000000249e+00
5.791032999999999653e+00,1.209867000000000248e+00,4.739329999999999932e-01,5.760669999999999957e-01,-4.968369999999999731e-01,-3.909000000000000148e-03,9.133715000000000472e+00,7.995483000000000118e+00
5.831800000000000317e+00,1.187763000000000346e+00,4.756429999999999825e-01,5.243569999999999620e-01,-4.970240000000000213e-01,-4.021000000000000268e-03,9.174220000000000041e+00,7.995142999999999667e+00
5.872570000000000512e+00,1.165647000000000322e+00,5.273069999999999702e-01,5.226929999999999632e-01,-4.972150000000000181e-01,-4.129999999999999991e-03,9.214551999999999410e+00,7.994790000000000063e+00
5.913344000000000378e+00,1.143520000000000314e+00,4.789129999999999776e-01,5.210869999999999669e-01,-4.974120000000000208e-01,-4.237999999999999580e-03,9.254716000000000165e+00,7.994424999999999670e+00
5.954121999999999915e+00,1.121380000000000265e+00,4.804459999999999842e-01,5.195539999999999603e-01,-4.976130000000000275e-01,-4.342999999999999639e-03,9.294712000000000529e+00,7.994048000000000265e+00
5.994902999999999871e+00,1.099227000000000398e+00,4.818930000000000158e-01,5.681070000000000286e-01,-4.978199999999999847e-01,-4.446000000000000299e-03,9.334542000000000783e+00,7.993661999999999601e+00
6.035688000000000386e+00,1.077061000000000268e+00,4.832380000000000009e-01,5.167620000000000546e-01,-4.980310000000000015e-01,-4.545000000000000429e-03,9.374209000000000458e+00,7.993267999999999596e+00
6.076476000000000433e+00,1.054883000000000459e+00,5.344680000000000542e-01,5.155319999999999903e-01,-4.982460000000000222e-01,-4.640000000000000027e-03,9.413714999999999833e+00,7.992869999999999919e+00
6.117268000000000150e+00,1.032691000000000248e+00,4.855679999999999996e-01,5.144320000000000004e-01,-4.984660000000000202e-01,-4.729999999999999830e-03,9.453061999999999188e+00,7.992471000000000103e+00
6.158064999999999678e+00,1.010485000000000300e+00,5.365259999999999474e-01,5.134739999999999860e-01,-4.986889999999999934e-01,-4.814999999999999836e-03,9.492252999999999830e+00,7.992071000000000147e+00
6.198865999999999765e+00,9.882640000000002534e-01,4.873299999999999854e-01,5.626700000000000035e-01,-4.989169999999999994e-01,-4.896000000000000178e-03,9.531290000000000262e+00,7.991668999999999912e+00
6.239672999999999803e+00,9.660290000000002486e-01,4.879709999999999881e-01,5.620290000000000008e-01,-4.991479999999999806e-01,-4.974000000000000123e-03,9.570176000000000016e+00,7.991264000000000145e+00
6.280486999999999931e+00,9.437770000000003101e-01,4.884410000000000140e-01,5.615590000000000304e-01,-4.993830000000000213e-01,-5.049999999999999802e-03,9.608914999999999651e+00,7.990853000000000428e+00
6.321309000000000289e+00,9.215090000000003556e-01,4.887349999999999750e-01,5.112649999999999695e-01,-4.996209999999999818e-01,-5.124000000000000082e-03,9.647506999999999167e+00,7.990433999999999592e+00
6.362138999999999989e+00,8.992230000000003276e-01,5.388500000000000512e-01,5.611500000000000377e-01,-4.998630000000000018e-01,-5.197000000000000230e-03,9.685957999999999402e+00,7.990007000000000303e+00
6.402979000000000198e+00,8.769190000000004481e-01,4.887870000000000270e-01,5.612129999999999619e-01,-5.001079999999999970e-01,-5.268000000000000113e-03,9.724268000000000356e+00,7.989570999999999756e+00
6.443827999999999889e+00,8.545970000000002731e-01,5.385499999999999732e-01,5.614500000000000046e-01,-5.003570000000000517e-01,-5.336999999999999730e-03,9.762439999999999785e+00,7.989131000000000427e+00
6.484687000000000090e+00,8.322570000000002466e-01,4.881480000000000263e-01,6.118519999999999515e-01,-5.006080000000000529e-01,-5.401999999999999684e-03,9.800475000000000492e+00,7.988694999999999879e+00
6.525554999999999772e+00,8.098990000000003686e-01,5.375929999999999875e-01,5.624069999999999903e-01,-5.008629999999999471e-01,-5.459999999999999576e-03,9.838373999999999953e+00,7.988272000000000261e+00
6.566428000000000154e+00,7.875240000000003349e-01,4.869029999999999747e-01,5.630969999999999587e-01,-5.011200000000000099e-01,-5.510000000000000141e-03,9.876136000000000692e+00,7.987874999999999837e+00
6.607302999999999926e+00,7.651340000000004249e-01,5.361000000000000210e-01,5.638999999999999568e-01,-5.013779999999999903e-01,-5.549000000000000113e-03,9.913759999999999906e+00,7.987517000000000422e+00
6.648176000000000307e+00,7.427320000000003919e-01,5.352120000000000211e-01,5.647879999999999567e-01,-5.016380000000000283e-01,-5.576000000000000227e-03,9.951242999999999839e+00,7.987206999999999724e+00
6.689040000000000319e+00,7.203210000000004332e-01,5.342719999999999692e-01,5.657280000000000086e-01,-5.018989999999999840e-01,-5.590000000000000351e-03,9.988580999999999932e+00,7.986949000000000076e+00
6.729886999999999730e+00,6.979050000000003307e-01,5.333210000000000450e-01,6.166789999999999772e-01,-5.021590000000000220e-01,-5.594000000000000014e-03,1.002576900000000037e+01,7.986735000000000362e+00
6.770709000000000088e+00,6.754900000000003679e-01,5.324039999999999884e-01,6.175960000000000338e-01,-5.024199999999999777e-01,-5.596000000000000280e-03,1.006279999999999930e+01,7.986530000000000129e+00
6.811494999999999855e+00,6.530800000000003269e-01,5.315750000000000197e-01,5.684249999999999581e-01,-5.026810000000000445e-01,-5.610000000000000403e-03,1.009966799999999942e+01,7.986265000000000391e+00
6.852236000000000438e+00,6.306810000000003802e-01,5.308920000000000305e-01,6.191079999999999917e-01,-5.029430000000000289e-01,-5.649000000000000375e-03,1.013636600000000065e+01,7.985872999999999777e+00
6.892928000000000388e+00,6.082950000000003632e-01,5.304170000000000273e-01,5.695829999999999504e-01,-5.032079999999999886e-01,-5.714999999999999594e-03,1.017289000000000065e+01,7.985333999999999932e+00
6.933565999999999896e+00,5.859250000000003622e-01,5.302059999999999551e-01,6.197939999999999561e-01,-5.034769999999999524e-01,-5.799000000000000335e-03,1.020923799999999915e+01,7.984685999999999950e+00
6.974154000000000408e+00,5.635680000000004020e-01,5.303139999999999521e-01,5.696860000000000257e-01,-5.037500000000000311e-01,-5.883000000000000208e-03,1.024541499999999949e+01,7.984017999999999837e+00
7.014698000000000100e+00,5.412210000000003962e-01,5.307859999999999800e-01,6.192140000000000422e-01,-5.040249999999999453e-01,-5.944999999999999764e-03,1.028142899999999926e+01,7.983450999999999631e+00
7.055209999999999759e+00,5.188770000000003657e-01,5.316520000000000135e-01,5.683479999999999643e-01,-5.043009999999999993e-01,-5.970999999999999745e-03,1.031729200000000013e+01,-6.765801999999999872e+00
7.095706999999999987e+00,4.965270000000003847e-01,5.329270000000000396e-01,5.670730000000000492e-01,-5.045809999999999462e-01,-6.048999999999999690e-03,1.028691500000000048e+01,-9.978085999999999345e+00
7.136203000000000074e+00,4.741620000000003055e-01,5.346079999999999721e-01,5.653920000000000057e-01,-5.048660000000000370e-01,-6.165999999999999606e-03,1.024194299999999913e+01,-9.976924999999999599e+00
7.176714000000000482e+00,4.517740000000003420e-01,5.366649999999999476e-01,5.633350000000000302e-01,-5.051619999999999999e-01,-6.383999999999999918e-03,1.019675499999999957e+01,-9.974252999999999147e+00
7.217249999999999943e+00,4.293570000000003217e-01,5.390409999999999924e-01,5.609589999999999854e-01,-5.054769999999999541e-01,-6.806000000000000417e-03,1.015134199999999964e+01,-9.969236000000000431e+00
7.257813000000000514e+00,4.069080000000003805e-01,5.416490000000000471e-01,6.083509999999999751e-01,-5.058249999999999691e-01,-7.507999999999999917e-03,1.010571000000000019e+01,-9.961734999999999118e+00
7.298395000000000188e+00,3.844300000000003825e-01,5.943699999999999539e-01,5.556299999999999573e-01,-5.062170000000000281e-01,-8.451000000000000179e-03,1.005987499999999990e+01,-9.952787999999999968e+00
7.338980000000000281e+00,3.619290000000003893e-01,5.470629999999999660e-01,6.029369999999999452e-01,-5.066570000000000240e-01,-9.475000000000000783e-03,1.001385800000000081e+01,-9.944359000000000393e+00
7.379552000000000334e+00,3.394130000000004088e-01,5.495769999999999822e-01,6.004230000000000400e-01,-5.071390000000000065e-01,-1.038099999999999960e-02,9.967672999999999561e+00,-9.938449000000000311e+00
7.420097000000000165e+00,3.168860000000003341e-01,5.517600000000000282e-01,5.982399999999999940e-01,-5.076500000000000457e-01,-1.102000000000000028e-02,9.921317999999999415e+00,-9.935955999999999122e+00
7.460613000000000383e+00,2.943470000000003584e-01,5.534700000000000175e-01,5.965300000000000047e-01,-5.081759999999999611e-01,-1.134699999999999945e-02,9.874776000000000664e+00,-9.936218999999999468e+00
7.501114000000000281e+00,2.717900000000003091e-01,5.545839999999999659e-01,5.954159999999999453e-01,-5.087059999999999915e-01,-1.143100000000000019e-02,9.828016999999999115e+00,-9.937763999999999598e+00
7.541627000000000081e+00,2.491970000000003349e-01,5.550110000000000321e-01,5.949889999999999901e-01,-5.092349999999999932e-01,-1.140099999999999968e-02,9.781000000000000583e+00,-9.939724000000000004e+00
7.582188000000000372e+00,2.265500000000003622e-01,5.546980000000000244e-01,5.953019999999999978e-01,-5.097620000000000484e-01,-1.132999999999999979e-02,9.733674999999999855e+00,-9.943011000000000266e+00
7.622836000000000389e+00,2.038260000000003402e-01,6.036409999999999831e-01,6.463590000000000169e-01,-5.102809999999999846e-01,-1.112600000000000047e-02,9.685988000000000042e+00,-9.949832000000000676e+00
7.663593999999999795e+00,1.810120000000003393e-01,5.518960000000000532e-01,6.481040000000000134e-01,-5.107739999999999503e-01,-1.054300000000000029e-02,9.637886999999999205e+00,-9.961161000000000598e+00
7.704468000000000316e+00,1.581080000000003594e-01,5.995719999999999938e-01,6.504280000000000062e-01,-5.112139999999999462e-01,-9.371000000000000857e-03,9.589339000000000723e+00,-9.975087999999999511e+00
7.745433000000000234e+00,1.351280000000003589e-01,5.968240000000000212e-01,6.531759999999999788e-01,-5.115699999999999692e-01,-7.578999999999999800e-03,9.540352999999999639e+00,-9.987757000000000218e+00
7.786445999999999756e+00,1.121030000000003413e-01,5.938390000000000057e-01,6.561609999999999943e-01,-5.118219999999999992e-01,-5.357999999999999916e-03,9.490985999999999478e+00,-9.996017999999999404e+00
7.827444999999999986e+00,8.907100000000034434e-02,5.908269999999999911e-01,7.091730000000000533e-01,-5.119660000000000322e-01,-3.060999999999999919e-03,9.441328000000000387e+00,-9.999423000000000172e+00
7.868368000000000251e+00,6.607500000000032792e-02,5.880039999999999711e-01,7.119959999999999622e-01,-5.120160000000000267e-01,-1.077999999999999965e-03,9.391477999999999327e+00,-9.999857999999999691e+00
7.909163000000000388e+00,4.314800000000035274e-02,6.355840000000000378e-01,7.144160000000000510e-01,-5.120019999999999571e-01,2.970000000000000092e-04,9.341518000000000654e+00,-9.999513000000000318e+00
7.949796000000000085e+00,2.031200000000032979e-02,6.337610000000000188e-01,7.162389999999999590e-01,-5.119559999999999667e-01,9.899999999999999946e-04,9.291489999999999583e+00,-9.999370000000000758e+00
7.990264999999999951e+00,-2.427999999999652658e-03,6.327000000000000401e-01,7.173000000000000487e-01,-5.119019999999999682e-01,1.172000000000000082e-03,9.241398000000000224e+00,-9.999385999999999441e+00
8.030598000000001235e+00,-2.508999999999966812e-02,6.325290000000000079e-01,7.174709999999999699e-01,-5.118479999999999697e-01,1.167000000000000069e-03,9.191202999999999790e+00,-9.999371000000000009e+00
8.070851000000001108e+00,-4.770299999999963458e-02,6.333239999999999981e-01,7.166759999999999797e-01,-5.117930000000000534e-01,1.196999999999999930e-03,9.140833999999999904e+00,-9.999461999999999406e+00
8.111091999999999302e+00,-7.030799999999964855e-02,6.351029999999999731e-01,7.148970000000000047e-01,-5.117420000000000302e-01,1.098999999999999934e-03,9.090201999999999671e+00,-9.999838999999999700e+00
8.151385000000001213e+00,-9.293799999999963202e-02,6.378249999999999753e-01,7.121750000000000025e-01,-5.117239999999999567e-01,3.899999999999999929e-04,9.039222000000000534e+00,-9.999212999999999241e+00
8.191767000000000465e+00,-1.156169999999996367e-01,6.413999999999999702e-01,7.086000000000000076e-01,-5.117899999999999672e-01,-1.412999999999999977e-03,8.987840999999999525e+00,-9.992962999999999596e+00
8.232250000000000512e+00,-1.383569999999996469e-01,6.456979999999999942e-01,7.043019999999999836e-01,-5.120019999999999571e-01,-4.568000000000000012e-03,8.936066999999999538e+00,-9.973682000000000158e+00
8.272811000000000803e+00,-1.611519999999996289e-01,7.005609999999999893e-01,6.994390000000000329e-01,-5.124199999999999866e-01,-8.984000000000000666e-03,8.883984999999999133e+00,-9.935487999999999431e+00
8.313404999999999490e+00,-1.839879999999996518e-01,6.558089999999999753e-01,6.941910000000000025e-01,-5.130829999999999558e-01,-1.423699999999999966e-02,8.831740999999999175e+00,-9.879514999999999603e+00
8.353971999999998843e+00,-2.068439999999996393e-01,6.612599999999999589e-01,6.887400000000000189e-01,-5.139979999999999549e-01,-1.966800000000000145e-02,8.779498999999999498e+00,-9.816375000000000739e+00
8.394452000000001135e+00,-2.296999999999996545e-01,6.667349999999999666e-01,6.832650000000000112e-01,-5.151369999999999560e-01,-2.453699999999999978e-02,8.727368000000000237e+00,-9.762278000000000233e+00
8.434796000000000404e+00,-2.525389999999996249e-01,6.720760000000000067e-01,6.779239999999999711e-01,-5.164429999999999854e-01,-2.821699999999999903e-02,8.675354000000000454e+00,-9.728039000000000769e+00
8.474978000000000122e+00,-2.753569999999996298e-01,6.771530000000000049e-01,7.228470000000000173e-01,-5.178509999999999502e-01,-3.051999999999999852e-02,8.623381999999999437e+00,-9.712775000000000603e+00
8.515000999999999820e+00,-2.981579999999996455e-01,6.818809999999999594e-01,7.181189999999999518e-01,-5.193109999999999671e-01,-3.173499999999999932e-02,8.571341999999999572e+00,-9.710331000000000046e+00
8.554887000000000796e+00,-3.209589999999996612e-01,6.862080000000000402e-01,6.637920000000000487e-01,-5.207920000000000327e-01,-3.225900000000000295e-02,8.519135999999999598e+00,-9.714380000000000237e+00
8.594668999999999670e+00,-3.437779999999996394e-01,7.401170000000000249e-01,7.098830000000000418e-01,-5.222790000000000488e-01,-3.243399999999999755e-02,8.466677000000000675e+00,-9.719856000000000051e+00
8.634388999999998759e+00,-3.666409999999996616e-01,6.936149999999999816e-01,7.063850000000000406e-01,-5.237699999999999578e-01,-3.253099999999999742e-02,8.413899000000000683e+00,-9.723452999999999236e+00
8.674087000000000103e+00,-3.895699999999996388e-01,7.467310000000000336e-01,7.032690000000000330e-01,-5.252719999999999612e-01,-3.273600000000000121e-02,8.360751000000000488e+00,-9.723333000000000226e+00
8.713798000000000599e+00,-4.125859999999996752e-01,7.495030000000000303e-01,7.004970000000000363e-01,-5.267960000000000420e-01,-3.316700000000000204e-02,8.307199000000000666e+00,-9.718567999999999429e+00
8.753550000000000608e+00,-4.357059999999996491e-01,7.519829999999999570e-01,6.980169999999999986e-01,-5.283560000000000478e-01,-3.388599999999999945e-02,8.253223000000000198e+00,-9.708624000000000365e+00
8.793358999999998815e+00,-4.589429999999996568e-01,7.542219999999999480e-01,6.957780000000000076e-01,-5.299679999999999946e-01,-3.493000000000000271e-02,8.198821000000000581e+00,-9.693032999999999788e+00
8.833227000000000828e+00,-4.822999999999996179e-01,8.062690000000000135e-01,6.937309999999999865e-01,-5.316480000000000095e-01,-3.632300000000000112e-02,8.144009999999999749e+00,-9.671846000000000387e+00
8.873145000000000948e+00,-5.057779999999996168e-01,7.581649999999999778e-01,7.418350000000000222e-01,-5.334119999999999973e-01,-3.805000000000000049e-02,8.088824000000000680e+00,-9.646238999999999564e+00
8.913091999999998905e+00,-5.293669999999996989e-01,8.099370000000000180e-01,6.900629999999999820e-01,-5.352700000000000236e-01,-4.002900000000000208e-02,8.033307999999999893e+00,-9.617485000000000284e+00
8.953040999999998917e+00,-5.530569999999996877e-01,8.115940000000000376e-01,7.384060000000000068e-01,-5.372289999999999566e-01,-4.217699999999999921e-02,7.977510999999999797e+00,-9.586133999999999489e+00
8.992961000000001093e+00,-5.768359999999996823e-01,8.131310000000000482e-01,7.368689999999999962e-01,-5.392949999999999688e-01,-4.445999999999999952e-02,7.921477999999999575e+00,-9.552593999999999141e+00
9.032823999999999742e+00,-6.006929999999996994e-01,8.145339999999999803e-01,7.354659999999999531e-01,-5.414700000000000069e-01,-4.684900000000000175e-02,7.865255999999999581e+00,-9.517362999999999573e+00
9.072604000000000113e+00,-6.246179999999996735e-01,8.157799999999999496e-01,6.842200000000000504e-01,-5.437579999999999636e-01,-4.932000000000000273e-02,7.808881999999999657e+00,-9.481040000000000134e+00
9.112282000000000437e+00,-6.486049999999996540e-01,8.168400000000000105e-01,7.331600000000000339e-01,-5.461599999999999788e-01,-5.184300000000000019e-02,7.752383000000000024e+00,-9.444321999999999662e+00
9.151842999999999506e+00,-6.726519999999995836e-01,8.176870000000000527e-01,7.323129999999999917e-01,-5.486760000000000526e-01,-5.438599999999999685e-02,7.695775000000000254e+00,-9.407996999999999943e+00
9.191283999999999565e+00,-6.967609999999996306e-01,8.182960000000000234e-01,7.317040000000000211e-01,-5.513059999999999627e-01,-5.691999999999999837e-02,7.639056000000000068e+00,-9.372946000000000666e+00
9.230605999999999867e+00,-7.209409999999996099e-01,8.186480000000000423e-01,7.813520000000000465e-01,-5.540469999999999562e-01,-5.940899999999999653e-02,7.582203999999999944e+00,-9.340042999999999651e+00
9.269826000000000121e+00,-7.452059999999995910e-01,8.187309999999999865e-01,7.812689999999999912e-01,-5.568980000000000041e-01,-6.182300000000000295e-02,7.525178000000000367e+00,-9.310183000000000320e+00
9.308965000000000600e+00,-7.695749999999996760e-01,8.185480000000000533e-01,7.314519999999999911e-01,-5.598549999999999915e-01,-6.412900000000000544e-02,7.467916999999999916e+00,-9.284349999999999881e+00
9.348053000000000168e+00,-7.940729999999996958e-01,8.681159999999999988e-01,7.818840000000000234e-01,-5.629150000000000542e-01,-6.629400000000000570e-02,7.410344000000000264e+00,-9.263272999999999868e+00
9.387116999999999933e+00,-8.187229999999996455e-01,8.674629999999999841e-01,7.325369999999999937e-01,-5.660730000000000484e-01,-6.829100000000000448e-02,7.352375999999999578e+00,-9.247299999999999187e+00
9.426182999999999979e+00,-8.435479999999996314e-01,8.666300000000000114e-01,7.333699999999999664e-01,-5.693219999999999947e-01,-7.010900000000000465e-02,7.293925999999999910e+00,-9.236371999999999360e+00
9.465275000000000105e+00,-8.685669999999996449e-01,8.656650000000000178e-01,7.343349999999999600e-01,-5.726580000000000004e-01,-7.175199999999999634e-02,7.234913999999999845e+00,-9.230005000000000237e+00
9.504410999999999277e+00,-8.937989999999996771e-01,8.646239999999999482e-01,7.353760000000000296e-01,-5.760750000000000037e-01,-7.324200000000000155e-02,7.175263000000000169e+00,-9.227356000000000336e+00
9.543601000000000667e+00,-9.192559999999996290e-01,9.135680000000000467e-01,7.364319999999999755e-01,-5.795679999999999721e-01,-7.461199999999999777e-02,7.114911000000000207e+00,-9.227330999999999506e+00
9.582852000000000814e+00,-9.449479999999996771e-01,8.625599999999999934e-01,7.374399999999999844e-01,-5.831359999999999877e-01,-7.591199999999999337e-02,7.053806999999999938e+00,-9.228694000000000841e+00
9.622165000000000745e+00,-9.708809999999996609e-01,8.616629999999999567e-01,7.383370000000000211e-01,-5.867790000000000505e-01,-7.719600000000000073e-02,6.991918000000000077e+00,-9.230130000000000834e+00
9.661531999999999343e+00,-9.970559999999996093e-01,8.609379999999999811e-01,7.390619999999999967e-01,-5.904979999999999674e-01,-7.852900000000000158e-02,6.929228000000000165e+00,-9.230223999999999762e+00
9.700941000000000258e+00,-1.023470999999999798e+00,8.604439999999999866e-01,7.395559999999999912e-01,-5.942979999999999929e-01,-7.998299999999999854e-02,6.865739999999999732e+00,-9.227432999999999552e+00
9.740370999999999668e+00,-1.050117999999999663e+00,8.602290000000000214e-01,7.897710000000000008e-01,-5.981889999999999707e-01,-8.164399999999999435e-02,6.801478999999999608e+00,-9.220375000000000654e+00
9.779795000000000016e+00,-1.076983999999999497e+00,8.603359999999999896e-01,7.896640000000000326e-01,-6.021800000000000486e-01,-8.358999999999999764e-02,6.736493000000000286e+00,-9.208159999999999457e+00
9.819179999999999353e+00,-1.104054999999999787e+00,8.607970000000000343e-01,7.892029999999999879e-01,-6.062859999999999916e-01,-8.588200000000000001e-02,6.670846000000000053e+00,-9.190269999999999939e+00
9.858489999999999753e+00,-1.131312999999999569e+00,9.116340000000000554e-01,7.883660000000000112e-01,-6.105230000000000379e-01,-8.855599999999999583e-02,6.604612999999999623e+00,-9.166470000000000340e+00
9.897688999999999737e+00,-1.158739999999999659e+00,8.628620000000000179e-01,7.371379999999999599e-01,-6.149050000000000349e-01,-9.163499999999999424e-02,6.537876999999999938e+00,-9.136822999999999695e+00
9.936737000000000819e+00,-1.186317999999999540e+00,8.644889999999999519e-01,7.855109999999999593e-01,-6.194490000000000274e-01,-9.512199999999999822e-02,6.470722999999999558e+00,-9.101751000000000147e+00
9.975597000000000492e+00,-1.214028999999999581e+00,8.665129999999999777e-01,7.834870000000000445e-01,-6.241679999999999451e-01,-9.900100000000000566e-02,6.403235999999999706e+00,-9.062146000000000257e+00
1.001423400000000008e+01,-1.241855999999999627e+00,8.189260000000000428e-01,7.810740000000000460e-01,-6.290759999999999685e-01,-1.032280000000000003e-01,6.335490000000000066e+00,-9.019524000000000541e+00
1.005261600000000044e+01,-1.269785999999999637e+00,8.717160000000000464e-01,7.782839999999999758e-01,-6.341799999999999660e-01,-1.077280000000000043e-01,6.267547000000000423e+00,-8.976217999999999364e+00
1.009071400000000018e+01,-1.297808999999999546e+00,8.748620000000000285e-01,7.751379999999999937e-01,-6.394849999999999701e-01,-1.123859999999999998e-01,6.199442000000000341e+00,-8.935323000000000349e+00
1.012851000000000035e+01,-1.325918999999999626e+00,8.783389999999999809e-01,7.216609999999999969e-01,-6.449859999999999483e-01,-1.170479999999999993e-01,6.131174999999999820e+00,-8.899369999999999337e+00
1.016599199999999925e+01,-1.354116999999999571e+00,9.321169999999999733e-01,7.678829999999999822e-01,-6.506779999999999786e-01,-1.215959999999999958e-01,6.062711000000000183e+00,-8.869899999999999451e+00
1.020315500000000064e+01,-1.382408999999999555e+00,8.861609999999999765e-01,7.138390000000000013e-01,-6.565490000000000492e-01,-1.259560000000000124e-01,5.993987999999999872e+00,-8.848122999999999294e+00
1.024000299999999974e+01,-1.410802999999999585e+00,9.404329999999999634e-01,7.595669999999999922e-01,-6.625889999999999835e-01,-1.300709999999999922e-01,5.924919000000000047e+00,-8.834984999999999644e+00
1.027654599999999974e+01,-1.439316999999999735e+00,8.948920000000000208e-01,7.051079999999999570e-01,-6.687849999999999628e-01,-1.338890000000000080e-01,5.855394000000000432e+00,-8.831108000000000402e+00
1.031279999999999930e+01,-1.467966999999999578e+00,9.494939999999999491e-01,7.505060000000000064e-01,-6.751249999999999751e-01,-1.373679999999999901e-01,5.785282999999999731e+00,-8.836721000000000714e+00
1.034878199999999993e+01,-1.496775999999999662e+00,9.541939999999999866e-01,7.458059999999999690e-01,-6.815940000000000332e-01,-1.404769999999999908e-01,5.714442000000000021e+00,-8.851587000000000316e+00
1.038451500000000038e+01,-1.525765999999999734e+00,9.589450000000000474e-01,7.410550000000000193e-01,-6.881810000000000427e-01,-1.432039999999999980e-01,5.642714999999999925e+00,-8.874955999999999179e+00
1.042002600000000001e+01,-1.554965999999999626e+00,9.137009999999999854e-01,7.862989999999999702e-01,-6.948729999999999629e-01,-1.455579999999999929e-01,5.569937000000000360e+00,-8.905566999999999567e+00
1.045533900000000038e+01,-1.584400999999999726e+00,9.684150000000000258e-01,7.315850000000000408e-01,-7.016599999999999504e-01,-1.475750000000000117e-01,5.495941000000000187e+00,-8.941710999999999743e+00
1.049048299999999934e+01,-1.614102999999999621e+00,9.730410000000000448e-01,7.769589999999999552e-01,-7.085369999999999724e-01,-1.493240000000000123e-01,5.420561000000000185e+00,-8.981353999999999616e+00
1.052548400000000051e+01,-1.644097999999999615e+00,9.775350000000000428e-01,7.724649999999999572e-01,-7.155030000000000001e-01,-1.509060000000000124e-01,5.343638000000000332e+00,-9.022290999999999173e+00
1.056036600000000014e+01,-1.674415999999999682e+00,9.818519999999999470e-01,7.681480000000000530e-01,-7.225599999999999801e-01,-1.524550000000000072e-01,5.265025999999999762e+00,-9.062307000000000556e+00
1.059515099999999954e+01,-1.705082999999999682e+00,1.035951999999999984e+00,7.640479999999999494e-01,-7.297219999999999818e-01,-1.541319999999999912e-01,5.184592000000000311e+00,-9.099301000000000528e+00
1.062985399999999991e+01,-1.736120999999999581e+00,9.897939999999999516e-01,7.602060000000000484e-01,-7.370079999999999965e-01,-1.561289999999999900e-01,5.102223999999999648e+00,-9.131356000000000250e+00
1.066448199999999957e+01,-1.767549999999999732e+00,1.043339999999999934e+00,7.566599999999999993e-01,-7.444439999999999946e-01,-1.586589999999999945e-01,5.017833000000000432e+00,-9.156724999999999781e+00
1.069903300000000002e+01,-1.799380999999999675e+00,1.046553000000000067e+00,8.034470000000000223e-01,-7.520700000000000163e-01,-1.619619999999999949e-01,4.931358999999999604e+00,-9.173749000000000819e+00
1.073349200000000003e+01,-1.831616999999999607e+00,1.049401000000000028e+00,8.005989999999999496e-01,-7.599329999999999696e-01,-1.663109999999999866e-01,4.842780999999999558e+00,-9.180680000000000618e+00
1.076783200000000029e+01,-1.864250999999999658e+00,1.101849000000000078e+00,7.981510000000000549e-01,-7.680940000000000545e-01,-1.720220000000000082e-01,4.752125999999999628e+00,-9.175425999999999860e+00
1.080200699999999969e+01,-1.897262999999999700e+00,1.103868999999999989e+00,8.461309999999999665e-01,-7.766290000000000138e-01,-1.794789999999999996e-01,4.659479000000000148e+00,-9.155162000000000688e+00
1.083595299999999995e+01,-1.930618999999999641e+00,1.105434000000000028e+00,8.445660000000000389e-01,-7.856309999999999683e-01,-1.891680000000000028e-01,4.565010000000000012e+00,-9.115769999999999484e+00
1.086958599999999997e+01,-1.964267999999999681e+00,1.156517999999999935e+00,8.434819999999999540e-01,-7.952139999999999764e-01,-2.017259999999999887e-01,4.468995999999999746e+00,-9.051394000000000162e+00
1.090279899999999991e+01,-1.998138999999999665e+00,1.157099000000000100e+00,8.429010000000000113e-01,-8.055219999999999603e-01,-2.179609999999999881e-01,4.371858999999999718e+00,-8.954307999999999268e+00
1.093546199999999935e+01,-2.032143999999999728e+00,1.157159000000000049e+00,8.428409999999999513e-01,-8.167290000000000383e-01,-2.388109999999999955e-01,4.274193999999999605e+00,-8.814279000000000863e+00
1.096743200000000051e+01,-2.066182999999999659e+00,1.206684000000000090e+00,8.433159999999999545e-01,-8.290380000000000527e-01,-2.653150000000000230e-01,4.176781000000000077e+00,-8.618669000000000580e+00
1.099857199999999935e+01,-2.100165999999999755e+00,1.205670999999999937e+00,8.443289999999999962e-01,-8.426879999999999926e-01,-2.984669999999999823e-01,4.080561000000000327e+00,-8.354210000000000136e+00
1.102876400000000068e+01,-2.134031999999999485e+00,1.254131000000000107e+00,8.458689999999999820e-01,-8.579320000000000279e-01,-3.388959999999999750e-01,3.986590000000000078e+00,-8.012660999999999589e+00
1.105792899999999968e+01,-2.167767999999999695e+00,1.302089999999999970e+00,8.479100000000000525e-01,-8.750160000000000160e-01,-3.862959999999999727e-01,3.895926999999999918e+00,-7.604326999999999614e+00
1.108603800000000028e+01,-2.201426999999999801e+00,1.299598999999999949e+00,8.504009999999999625e-01,-8.941170000000000506e-01,-4.385669999999999846e-01,3.809369999999999923e+00,-7.183818999999999733e+00
1.111312299999999986e+01,-2.235148999999999830e+00,1.296732999999999913e+00,8.532669999999999977e-01,-9.152580000000000160e-01,-4.908089999999999953e-01,3.726910999999999863e+00,-6.865711000000000119e+00
1.113927100000000081e+01,-2.269151999999999614e+00,1.343595000000000095e+00,9.064050000000000162e-01,-9.382160000000000499e-01,-5.356910000000000283e-01,3.647032999999999969e+00,-6.751776999999999695e+00
1.116458500000000065e+01,-2.303683999999999621e+00,1.340317999999999898e+00,9.096819999999999906e-01,-9.625850000000000239e-01,-5.681950000000000056e-01,3.566885000000000083e+00,-6.828971000000000124e+00
1.118913200000000074e+01,-2.338938999999999435e+00,1.337047000000000097e+00,9.129530000000000145e-01,-9.879999999999999893e-01,-5.898989999999999512e-01,3.483667000000000069e+00,-6.995786999999999978e+00
1.121291100000000007e+01,-2.375012999999999597e+00,1.333920999999999912e+00,8.660790000000000433e-01,-1.014302999999999955e+00,-6.072610000000000507e-01,3.395792000000000144e+00,-7.132534999999999847e+00
1.123584600000000044e+01,-2.411880999999999720e+00,1.381045000000000078e+00,8.689550000000000329e-01,-1.041652000000000022e+00,-6.294710000000000027e-01,3.303332999999999853e+00,-7.153630999999999851e+00
1.125778999999999996e+01,-2.449407999999999586e+00,1.378463999999999912e+00,9.215360000000000218e-01,-1.070529000000000064e+00,-6.654689999999999772e-01,3.207807999999999993e+00,-7.024930999999999592e+00
1.127856500000000040e+01,-2.487411999999999512e+00,1.376152999999999960e+00,9.238469999999999738e-01,-1.101598999999999995e+00,-7.203920000000000323e-01,3.111512999999999973e+00,-6.731549000000000227e+00
1.129798399999999958e+01,-2.525715999999999628e+00,1.424036000000000080e+00,9.259640000000000093e-01,-1.135575999999999919e+00,-7.960880000000000178e-01,3.017171999999999965e+00,-6.246247999999999578e+00
1.131586399999999948e+01,-2.564172999999999814e+00,1.422012999999999971e+00,9.279870000000000063e-01,-1.173145000000000104e+00,-8.926349999999999563e-01,2.928055000000000074e+00,-5.528300999999999910e+00
1.133203600000000044e+01,-2.602674999999999628e+00,1.419975999999999905e+00,9.300239999999999618e-01,-1.214841000000000060e+00,-1.006714000000000109e+00,2.848117999999999927e+00,-4.532934000000000019e+00
1.134634800000000077e+01,-2.641169999999999796e+00,1.467826000000000075e+00,9.321739999999999471e-01,-1.260842999999999936e+00,-1.128675000000000095e+00,2.781985000000000152e+00,-3.229969999999999786e+00
1.135868300000000097e+01,-2.679681999999999675e+00,1.415475000000000039e+00,9.345250000000000501e-01,-1.310718000000000050e+00,-1.240232000000000001e+00,2.734630999999999812e+00,-1.632095000000000073e+00
1.136896400000000007e+01,-2.718317999999999568e+00,1.412846000000000046e+00,9.371540000000000425e-01,-1.363221000000000016e+00,-1.315866999999999898e+00,2.710663999999999962e+00,-1.305100000000000010e-02
1.137716799999999928e+01,-2.757272999999999641e+00,1.359857000000000093e+00,9.401429999999999509e-01,-1.416458999999999913e+00,-1.333938999999999986e+00,2.710472000000000214e+00,1.044100000000000063e-02
1.138331699999999991e+01,-2.796798999999999591e+00,1.356424000000000074e+00,9.435759999999999703e-01,-1.469117999999999924e+00,-1.307374999999999954e+00,2.710625999999999980e+00,1.584192000000000045e+00
1.138743299999999969e+01,-2.837135999999999658e+00,1.302496000000000098e+00,9.475040000000000129e-01,-1.519144999999999968e+00,-1.221311000000000035e+00,2.734220999999999790e+00,2.906181000000000125e+00
1.138956899999999983e+01,-2.878448999999999813e+00,1.298030000000000017e+00,1.001970000000000027e+00,-1.565188000000000024e+00,-1.099812999999999930e+00,2.777842999999999840e+00,4.000573000000000157e+00
1.138980600000000010e+01,-2.920801999999999676e+00,1.342996999999999996e+00,1.007003000000000092e+00,-1.606640000000000068e+00,-9.667759999999999687e-01,2.838185000000000180e+00,4.856389000000000067e+00
1.138825100000000035e+01,-2.964166999999999774e+00,1.287409000000000026e+00,1.012591000000000019e+00,-1.643483999999999945e+00,-8.394810000000000327e-01,2.911487999999999854e+00,5.500390999999999586e+00
1.138502800000000015e+01,-3.008429999999999715e+00,1.281322999999999990e+00,1.018677000000000055e+00,-1.676075999999999899e+00,-7.273840000000000305e-01,2.994158999999999793e+00,5.971777000000000335e+00
1.138027499999999925e+01,-3.053409999999999513e+00,1.274853999999999932e+00,1.025145999999999891e+00,-1.704960999999999949e+00,-6.340369999999999617e-01,3.083051999999999904e+00,6.308370000000000033e+00
1.137413800000000030e+01,-3.098879999999999857e+00,1.268162999999999929e+00,1.031836999999999893e+00,-1.730755999999999961e+00,-5.595820000000000238e-01,3.175546999999999898e+00,6.540629000000000026e+00
1.136676199999999959e+01,-3.144595999999999503e+00,1.311452000000000062e+00,9.885479999999999823e-01,-1.754081999999999919e+00,-5.026230000000000420e-01,3.269535999999999998e+00,6.690377999999999936e+00
1.135828599999999966e+01,-3.190323999999999494e+00,1.254945999999999895e+00,9.450539999999999496e-01,-1.775535000000000085e+00,-4.612290000000000001e-01,3.363356000000000012e+00,6.771881999999999735e+00
1.134882799999999925e+01,-3.235869999999999802e+00,1.248876000000000097e+00,9.011240000000000361e-01,-1.795643000000000100e+00,-4.328000000000000180e-01,3.455747999999999820e+00,6.796829999999999927e+00
1.133848300000000009e+01,-3.281102999999999437e+00,1.243462000000000067e+00,9.065379999999999550e-01,-1.814813999999999927e+00,-4.139439999999999786e-01,3.545837999999999823e+00,6.778545000000000265e+00
1.132731500000000047e+01,-3.325957999999999526e+00,1.238904000000000005e+00,8.610959999999999726e-01,-1.833326000000000011e+00,-4.012310000000000043e-01,3.633131000000000110e+00,6.731099000000000387e+00
1.131536299999999962e+01,-3.370431999999999650e+00,1.235368999999999939e+00,8.646310000000000384e-01,-1.851329999999999920e+00,-3.914250000000000229e-01,3.717471999999999888e+00,6.670825999999999922e+00
1.130264500000000005e+01,-3.414571999999999719e+00,1.282985000000000042e+00,8.670149999999999801e-01,-1.868859999999999966e+00,-3.816800000000000193e-01,3.799009999999999998e+00,6.616477999999999859e+00
1.128916000000000075e+01,-3.458466999999999736e+00,1.281832000000000082e+00,8.181680000000000064e-01,-1.885869999999999935e+00,-3.700600000000000001e-01,3.878159999999999830e+00,6.584521999999999764e+00
1.127490000000000059e+01,-3.502216999999999469e+00,1.231932000000000027e+00,8.180680000000000174e-01,-1.902293000000000012e+00,-3.561219999999999941e-01,3.955516999999999950e+00,6.581044000000000338e+00
1.125986100000000079e+01,-3.545911999999999509e+00,1.233252000000000015e+00,8.167480000000000295e-01,-1.918101999999999974e+00,-3.411779999999999813e-01,4.031668999999999947e+00,7.016090000000000382e-01
1.124404700000000012e+01,-3.589599999999999458e+00,1.185686999999999935e+00,7.143129999999999757e-01,-1.933894000000000002e+00,-3.390159999999999840e-01,4.039746000000000059e+00,-8.220266999999999769e+00
1.122746000000000066e+01,-3.633255999999999819e+00,1.239090000000000025e+00,7.109100000000000419e-01,-1.950679999999999970e+00,-3.588330000000000131e-01,3.943570999999999938e+00,-8.125113000000000696e+00
1.121008400000000016e+01,-3.676772999999999847e+00,1.193287999999999904e+00,7.067120000000000068e-01,-1.968780999999999892e+00,-3.862499999999999822e-01,3.845816000000000123e+00,-7.949771000000000143e+00
1.119191900000000039e+01,-3.719980999999999760e+00,1.148066000000000031e+00,7.019339999999999469e-01,-1.988585000000000047e+00,-4.232779999999999876e-01,3.747673999999999950e+00,-7.675187000000000204e+00
1.117297100000000043e+01,-3.762664999999999704e+00,1.153183000000000069e+00,6.468169999999999753e-01,-2.010508999999999880e+00,-4.713300000000000267e-01,3.650777999999999857e+00,-7.278489000000000431e+00
1.115324900000000063e+01,-3.804585999999999579e+00,1.108394000000000101e+00,6.916060000000000541e-01,-2.034965000000000135e+00,-5.310789999999999678e-01,3.557212999999999958e+00,-6.731284999999999741e+00
1.113275999999999932e+01,-3.845511999999999819e+00,1.113469999999999960e+00,6.865299999999999736e-01,-2.062308999999999948e+00,-6.020539999999999781e-01,3.469523999999999830e+00,-6.001161999999999885e+00
1.111149200000000015e+01,-3.885240999999999723e+00,1.068208999999999964e+00,6.817910000000000359e-01,-2.092769999999999797e+00,-6.818549999999999889e-01,3.390683000000000114e+00,-5.058544000000000374e+00
1.108941399999999966e+01,-3.923624999999999474e+00,1.072451999999999961e+00,6.775480000000000391e-01,-2.126357000000000053e+00,-7.651219999999999688e-01,3.323963000000000001e+00,-3.892190999999999956e+00
1.106646500000000088e+01,-3.960591999999999668e+00,1.026087999999999889e+00,6.739119999999999555e-01,-2.162755999999999901e+00,-8.428750000000000409e-01,3.272616999999999887e+00,-2.530693999999999999e+00
1.104255400000000087e+01,-3.996152999999999622e+00,9.790459999999999718e-01,6.209540000000000060e-01,-2.201270000000000060e+00,-9.035429999999999851e-01,3.239308999999999994e+00,-1.027722999999999942e+00
1.101756100000000060e+01,-4.030396999999999785e+00,9.312949999999999839e-01,6.187049999999999494e-01,-2.240892000000000106e+00,-9.367790000000000283e-01,3.225830999999999893e+00,-1.525600000000000046e-02
1.099135799999999996e+01,-4.063464999999998994e+00,9.328319999999999945e-01,6.171680000000000499e-01,-2.280657999999999852e+00,-9.418809999999999683e-01,3.225630999999999915e+00,1.220500000000000057e-02
1.096382700000000021e+01,-4.095504999999999285e+00,9.336799999999999544e-01,6.163199999999999790e-01,-2.319976000000000038e+00,-9.276649999999999618e-01,3.225791000000000075e+00,1.380290000000000017e+00
1.093487099999999934e+01,-4.126637999999999806e+00,8.338860000000000161e-01,6.161140000000000505e-01,-2.357972000000000179e+00,-8.890299999999999869e-01,3.243933000000000177e+00,2.382394000000000123e+00
1.090444300000000055e+01,-4.156957999999999487e+00,7.835020000000000318e-01,6.164979999999999905e-01,-2.394109999999999960e+00,-8.360800000000000454e-01,3.275328000000000017e+00,3.223364999999999814e+00
1.087254800000000010e+01,-4.186520999999999049e+00,7.825900000000000079e-01,6.174100000000000144e-01,-2.428128000000000064e+00,-7.771339999999999915e-01,3.317851999999999801e+00,3.902601999999999904e+00
1.083923900000000096e+01,-4.215352999999999462e+00,7.812230000000000008e-01,6.187770000000000215e-01,-2.459989000000000203e+00,-7.188080000000000025e-01,3.369272000000000045e+00,4.430430999999999564e+00
1.080461099999999952e+01,-4.243446999999999747e+00,7.294850000000000501e-01,6.205150000000000388e-01,-2.489819999999999922e+00,-6.655079999999999885e-01,3.427405999999999953e+00,4.824017999999999695e+00
1.076879399999999976e+01,-4.270775999999999684e+00,7.274699999999999500e-01,6.225300000000000278e-01,-2.517847000000000168e+00,-6.196390000000000509e-01,3.490241999999999845e+00,5.102020999999999695e+00
1.073193599999999925e+01,-4.297297999999999618e+00,7.252750000000000030e-01,6.247249999999999748e-01,-2.544348999999999972e+00,-5.821070000000000411e-01,3.556001999999999885e+00,5.281400999999999790e+00
1.069419300000000028e+01,-4.322967000000000226e+00,7.229940000000000255e-01,6.270059999999999523e-01,-2.569615000000000204e+00,-5.528020000000000156e-01,3.623159999999999936e+00,5.376494000000000106e+00
1.065571500000000071e+01,-4.347737999999999658e+00,7.207069999999999865e-01,5.792929999999999469e-01,-2.593913999999999831e+00,-5.308380000000000321e-01,3.690443000000000140e+00,5.400769000000000375e+00
1.061662800000000040e+01,-4.371577000000000268e+00,7.184749999999999748e-01,5.815249999999999586e-01,-2.617471999999999799e+00,-5.148409999999999931e-01,3.756848999999999883e+00,5.367818999999999896e+00
1.057703399999999938e+01,-4.394463999999999260e+00,7.163380000000000303e-01,5.836620000000000141e-01,-2.640470999999999790e+00,-5.034520000000000106e-01,3.821632999999999836e+00,1.052084999999999937e+00
1.053701500000000024e+01,-4.416385000000000005e+00,7.643159999999999954e-01,5.856839999999999824e-01,-2.663647000000000098e+00,-5.086840000000000250e-01,3.834175000000000111e+00,-6.270940999999999654e+00
1.049662200000000034e+01,-4.437308999999999060e+00,7.624309999999999699e-01,5.375689999999999635e-01,-2.688178999999999874e+00,-5.402270000000000127e-01,3.759036000000000044e+00,-6.038482000000000127e+00
1.045587500000000070e+01,-4.457163999999998794e+00,7.607319999999999638e-01,5.892680000000000140e-01,-2.714195000000000135e+00,-5.750990000000000268e-01,3.685503000000000196e+00,-5.764505999999999908e+00
1.041478999999999999e+01,-4.475876999999998773e+00,7.592430000000000012e-01,5.907569999999999766e-01,-2.741813000000000056e+00,-6.130440000000000333e-01,3.614199000000000161e+00,-5.442095000000000127e+00
1.037338300000000046e+01,-4.493373000000000062e+00,7.579660000000000286e-01,5.420340000000000158e-01,-2.771141000000000076e+00,-6.539059999999999873e-01,3.545866000000000184e+00,-5.056129000000000318e+00
1.033167300000000033e+01,-4.509572000000000358e+00,7.568799999999999972e-01,5.431200000000000472e-01,-2.802277999999999825e+00,-6.975700000000000234e-01,3.481476999999999933e+00,-4.579842000000000191e+00
1.028968700000000069e+01,-4.524391999999998859e+00,7.559360000000000523e-01,5.440639999999999921e-01,-2.835306000000000104e+00,-7.437799999999999967e-01,3.422404999999999919e+00,-3.974610000000000198e+00
1.024746299999999977e+01,-4.537744999999999251e+00,7.050600000000000200e-01,5.949400000000000244e-01,-2.870265999999999984e+00,-7.915499999999999758e-01,3.370581000000000049e+00,-3.201544000000000167e+00
1.020503300000000024e+01,-4.549547999999999703e+00,7.541499999999999870e-01,5.458499999999999464e-01,-2.907083999999999779e+00,-8.380109999999999504e-01,3.328485000000000138e+00,-2.238621999999999890e+00
1.016240699999999997e+01,-4.559732000000000340e+00,7.530829999999999469e-01,5.469169999999999865e-01,-2.945492999999999917e+00,-8.776659999999999462e-01,3.298877000000000059e+00,-1.086522999999999906e+00
1.011955000000000027e+01,-4.568244999999999223e+00,7.017299999999999649e-01,5.482700000000000351e-01,-2.984963000000000033e+00,-9.030690000000000106e-01,3.284454999999999902e+00,-1.550900000000000022e-02
1.007637300000000025e+01,-4.575063999999999353e+00,6.999649999999999483e-01,5.500350000000000517e-01,-3.024782000000000082e+00,-9.085600000000000342e-01,3.284247999999999834e+00,1.240699999999999963e-02
1.003273599999999988e+01,-4.580185000000000173e+00,6.976820000000000244e-01,5.523179999999999756e-01,-3.064427999999999930e+00,-8.974839999999999485e-01,3.284413999999999945e+00,1.240337999999999941e+00
9.988462000000000174e+00,-4.583607999999999905e+00,6.948260000000000547e-01,5.551739999999999453e-01,-3.102939000000000114e+00,-8.602999999999999536e-01,3.301140999999999881e+00,2.329950000000000188e+00
9.943378000000000938e+00,-4.585350999999999289e+00,6.913979999999999571e-01,5.586020000000000429e-01,-3.139491000000000032e+00,-8.020500000000000407e-01,3.332834000000000074e+00,3.332920000000000105e+00
9.897356999999999516e+00,-4.585447999999999524e+00,6.874879999999999880e-01,5.625120000000000120e-01,3.109691000000000205e+00,-7.310480000000000311e-01,3.378543000000000074e+00,4.194942000000000171e+00
9.850378000000000966e+00,-4.583949000000000495e+00,7.333180000000000254e-01,5.666820000000000190e-01,3.078482000000000163e+00,-6.576560000000000183e-01,3.436408000000000129e+00,4.879247000000000334e+00
9.802571000000000367e+00,-4.580928000000000111e+00,6.792460000000000164e-01,5.707539999999999836e-01,3.049920000000000186e+00,-5.919780000000000042e-01,3.503765000000000018e+00,5.366991999999999763e+00
9.754184000000000410e+00,-4.576478999999999075e+00,6.757159999999999833e-01,4.742839999999999834e-01,3.023554999999999993e+00,-5.402540000000000120e-01,3.577421000000000184e+00,5.669431000000000331e+00
9.705515999999999366e+00,-4.570707999999999771e+00,6.731829999999999758e-01,4.768169999999999908e-01,2.998842999999999925e+00,-5.033609999999999474e-01,3.654265999999999792e+00,5.821587000000000067e+00
9.656841000000000008e+00,-4.563711999999998881e+00,6.720190000000000330e-01,4.779809999999999892e-01,2.975309000000000204e+00,-4.787870000000000181e-01,3.731784999999999908e+00,5.862839000000000134e+00
9.608389000000000735e+00,-4.555579999999999075e+00,6.724369999999999514e-01,4.775630000000000153e-01,2.952580000000000204e+00,-4.636819999999999831e-01,3.808189000000000046e+00,5.819478000000000151e+00
9.560354000000000241e+00,-4.546390999999999849e+00,6.244290000000000118e-01,4.755710000000000215e-01,2.930327000000000126e+00,-4.568360000000000198e-01,3.882207000000000185e+00,5.692835999999999785e+00
9.512921000000000404e+00,-4.536217999999999861e+00,6.777959999999999541e-01,4.722040000000000126e-01,2.908224999999999838e+00,-4.582760000000000167e-01,3.952704000000000217e+00,5.462247999999999770e+00
9.466274000000000299e+00,-4.525129999999998986e+00,6.822279999999999456e-01,4.677720000000000211e-01,2.886010999999999882e+00,-4.667209999999999970e-01,4.018416000000000210e+00,5.113679999999999559e+00
9.420564000000000604e+00,-4.513187000000000282e+00,6.373799999999999466e-01,4.126199999999999868e-01,2.863607000000000014e+00,-4.780389999999999917e-01,4.078095000000000248e+00,4.677598999999999840e+00
9.375863999999999976e+00,-4.500429999999999708e+00,6.429489999999999927e-01,4.070509999999999962e-01,2.841121999999999925e+00,-4.874720000000000164e-01,4.131070000000000242e+00,4.228582000000000285e+00
9.332150000000000389e+00,-4.486886000000000152e+00,6.487070000000000336e-01,4.012930000000000108e-01,2.818779999999999841e+00,-4.914520000000000000e-01,4.177652000000000143e+00,3.869695000000000107e+00
9.289324999999999832e+00,-4.472559999999999647e+00,6.544959999999999667e-01,3.955040000000000222e-01,2.796879000000000115e+00,-4.873319999999999874e-01,4.219274000000000413e+00,3.720612000000000030e+00
9.247236000000000899e+00,-4.457447999999999411e+00,6.602139999999999675e-01,4.397860000000000102e-01,2.775736999999999899e+00,-4.740449999999999942e-01,4.258525999999999812e+00,3.840549000000000213e+00
9.205702000000000496e+00,-4.441535999999999262e+00,6.657929999999999682e-01,4.342070000000000096e-01,2.755618999999999819e+00,-4.525699999999999723e-01,4.298452000000000162e+00,4.171788000000000274e+00
9.164543000000000106e+00,-4.424811000000000050e+00,6.711909999999999821e-01,4.288089999999999957e-01,2.736674999999999969e+00,-4.258640000000000203e-01,4.341357000000000355e+00,4.590049999999999741e+00
9.123608000000000828e+00,-4.407265999999999906e+00,6.763730000000000020e-01,4.236269999999999758e-01,2.718900999999999790e+00,-3.981709999999999972e-01,4.388192000000000093e+00,-2.796600999999999893e+00
9.082803999999999434e+00,-4.388911999999999480e+00,6.312990000000000546e-01,4.187009999999999899e-01,2.701510999999999996e+00,-3.877099999999999991e-01,4.359585000000000043e+00,-6.813228999999999758e+00
9.042125000000000412e+00,-4.369756999999999891e+00,6.359390000000000320e-01,4.140610000000000124e-01,2.683943999999999885e+00,-3.899989999999999846e-01,4.288738000000000383e+00,-6.910345999999999655e+00
9.001643000000001393e+00,-4.349819000000000102e+00,6.402560000000000473e-01,4.597439999999999860e-01,2.665945999999999927e+00,-3.986350000000000171e-01,4.215400999999999954e+00,-6.894946000000000019e+00
8.961486000000000729e+00,-4.329134999999999067e+00,6.441890000000000116e-01,4.058109999999999773e-01,2.647267999999999954e+00,-4.139559999999999906e-01,4.140856999999999566e+00,-6.768101999999999840e+00
8.921811999999999188e+00,-4.307751999999998915e+00,6.476650000000000462e-01,4.523349999999999871e-01,2.627661999999999942e+00,-4.362610000000000099e-01,4.066524000000000250e+00,-6.522580999999999740e+00
8.882792999999999495e+00,-4.285724000000000089e+00,6.006040000000000267e-01,4.493960000000000177e-01,2.606894000000000045e+00,-4.656640000000000224e-01,3.994006999999999863e+00,-6.143009000000000164e+00
8.844598000000001292e+00,-4.263104000000000227e+00,6.529249999999999776e-01,4.470750000000000002e-01,2.584750000000000103e+00,-5.019150000000000000e-01,3.925136999999999876e+00,-5.606784000000000212e+00
8.807376999999998901e+00,-4.239931999999999590e+00,6.545530000000000515e-01,4.954470000000000263e-01,2.561068000000000122e+00,-5.440610000000000168e-01,3.862000000000000099e+00,-4.886705000000000076e+00
8.771245000000000402e+00,-4.216231999999999758e+00,6.054239999999999622e-01,4.445760000000000267e-01,2.535768000000000022e+00,-5.899630000000000152e-01,3.806929999999999925e+00,-3.956735000000000113e+00
8.736264000000000252e+00,-4.192000000000000171e+00,6.554870000000000418e-01,4.445129999999999915e-01,2.508906000000000081e+00,-6.357899999999999663e-01,3.762440999999999924e+00,-2.802213000000000065e+00
8.702439000000000036e+00,-4.167197999999999070e+00,6.547020000000000062e-01,4.952980000000000160e-01,2.480722000000000094e+00,-6.757729999999999571e-01,3.731071000000000026e+00,-1.433311999999999919e+00
8.669703999999999411e+00,-4.141745999999999484e+00,6.530420000000000114e-01,4.969580000000000108e-01,2.451677000000000106e+00,-7.027099999999999458e-01,3.715107000000000159e+00,-1.737899999999999862e-02
8.637928000000000495e+00,-4.115524999999999878e+00,6.504870000000000374e-01,4.495129999999999959e-01,2.422419999999999796e+00,-7.101140000000000230e-01,3.714913999999999827e+00,1.390399999999999969e-02
8.606932000000000471e+00,-4.088383999999999574e+00,6.970290000000000097e-01,4.529710000000000125e-01,2.393494000000000010e+00,-6.997330000000000494e-01,3.715069000000000177e+00,1.359121000000000024e+00
8.576530999999999239e+00,-4.060170999999999530e+00,6.926799999999999624e-01,5.073199999999999932e-01,2.365692999999999824e+00,-6.661390000000000366e-01,3.730211000000000165e+00,2.597656999999999883e+00
8.546558000000000987e+00,-4.030762999999999430e+00,6.874620000000000175e-01,5.125380000000000491e-01,2.339684000000000097e+00,-6.143030000000000435e-01,3.759339000000000208e+00,3.711125000000000007e+00
8.516877000000000919e+00,-4.000083999999999307e+00,6.814130000000000464e-01,5.185870000000000202e-01,2.315935000000000077e+00,-5.511500000000000288e-01,3.801245999999999903e+00,4.662129000000000190e+00
8.487387999999999266e+00,-3.968119999999999425e+00,6.245939999999999825e-01,5.254060000000000397e-01,2.294704999999999995e+00,-4.835149999999999726e-01,3.854216000000000086e+00,5.442465999999999582e+00
8.458031000000000077e+00,-3.934910999999999603e+00,6.670880000000000143e-01,5.329120000000000523e-01,2.276065000000000005e+00,-4.167839999999999878e-01,3.916304999999999925e+00,6.063712999999999909e+00
8.428781999999999996e+00,-3.900553999999999633e+00,6.089999999999999858e-01,5.410000000000000364e-01,2.259943999999999953e+00,-3.544990000000000085e-01,3.985555999999999877e+00,6.547395999999999994e+00
8.399639999999999773e+00,-3.865183999999999731e+00,6.504499999999999726e-01,4.995499999999999940e-01,2.246173000000000197e+00,-2.985990000000000033e-01,4.060145999999999589e+00,6.917567000000000021e+00
8.370623999999999398e+00,-3.828960999999999615e+00,5.915620000000000323e-01,5.584379999999999900e-01,2.234515000000000029e+00,-2.499840000000000118e-01,4.138466000000000200e+00,7.196074000000000304e+00
8.341758000000000450e+00,-3.792051999999999534e+00,6.324469999999999814e-01,5.675529999999999742e-01,2.224690999999999974e+00,-2.089429999999999898e-01,4.219154999999999767e+00,7.401341000000000392e+00
8.313064000000000675e+00,-3.754609999999999559e+00,5.731929999999999525e-01,5.268070000000000253e-01,2.216422000000000114e+00,-1.749219999999999942e-01,4.301110999999999684e+00,7.551200999999999830e+00
8.284555000000001002e+00,-3.716765999999999792e+00,6.138609999999999900e-01,5.861389999999999656e-01,2.209462999999999955e+00,-1.466749999999999998e-01,4.383507999999999960e+00,7.661947999999999759e+00
8.256233999999999185e+00,-3.678622999999999532e+00,6.044859999999999678e-01,5.955139999999999878e-01,2.203618000000000077e+00,-1.229480000000000017e-01,4.465773999999999688e+00,7.745468999999999937e+00
8.228100000000001302e+00,-3.640263999999999722e+00,5.950860000000000039e-01,5.549140000000000184e-01,2.198730999999999991e+00,-1.027109999999999967e-01,4.547532999999999603e+00,7.809749000000000052e+00
8.200143000000000626e+00,-3.601752999999999538e+00,5.856630000000000447e-01,6.143370000000000219e-01,2.194681000000000104e+00,-8.511299999999999422e-02,4.628540000000000099e+00,7.860221000000000124e+00
8.172350999999999033e+00,-3.563140999999999448e+00,5.762089999999999712e-01,6.237909999999999844e-01,2.191378999999999966e+00,-6.942800000000000360e-02,4.708638999999999797e+00,7.900612999999999886e+00
8.144708000000001391e+00,-3.524467999999999712e+00,6.167120000000000379e-01,6.332879999999999621e-01,2.188766000000000211e+00,-5.500399999999999734e-02,4.787735999999999770e+00,7.933430999999999678e+00
8.117200999999999667e+00,-3.485772999999999566e+00,5.571620000000000461e-01,6.428380000000000205e-01,2.186811000000000060e+00,-4.121400000000000063e-02,4.865770000000000373e+00,7.960161000000000264e+00
8.089818000000001064e+00,-3.447090999999999461e+00,5.975559999999999761e-01,6.524440000000000239e-01,2.185512999999999817e+00,-2.744100000000000011e-02,4.942695999999999756e+00,7.981175999999999604e+00
8.062549999999999883e+00,-3.408465999999999774e+00,5.879039999999999822e-01,6.620960000000000178e-01,2.184884999999999966e+00,-1.328700000000000020e-02,5.018460000000000143e+00,7.995250000000000412e+00
8.035396999999999679e+00,-3.369951999999999614e+00,5.782359999999999722e-01,6.717640000000000278e-01,2.184937000000000129e+00,1.100999999999999982e-03,5.092984000000000400e+00,7.999881000000000242e+00
8.008359000000000449e+00,-3.331604999999999706e+00,5.685999999999999943e-01,6.313999999999999613e-01,2.185653999999999986e+00,1.532299999999999982e-02,5.166159999999999641e+00,7.992945999999999884e+00
7.981438999999999950e+00,-3.293484999999999552e+00,6.090640000000000498e-01,6.909359999999999946e-01,2.187005000000000088e+00,2.904699999999999990e-02,5.237865000000000215e+00,7.973419999999999952e+00
7.954641000000000517e+00,-3.255644999999999456e+00,5.497049999999999992e-01,7.002950000000000008e-01,2.188941999999999943e+00,4.190699999999999981e-02,5.307981999999999978e+00,7.941638000000000197e+00
7.927961999999999954e+00,-3.218127999999999656e+00,5.906050000000000466e-01,7.593950000000000422e-01,2.191393999999999842e+00,5.346999999999999670e-02,5.376418000000000141e+00,7.899791999999999703e+00
7.901398000000000366e+00,-3.180964999999999598e+00,5.818510000000000071e-01,7.181490000000000373e-01,2.194272999999999918e+00,6.328899999999999804e-02,5.443126000000000353e+00,7.852110999999999841e+00
7.874933999999999656e+00,-3.144167999999999630e+00,5.735209999999999475e-01,7.264789999999999859e-01,2.197477999999999820e+00,7.097499999999999643e-02,5.508123000000000324e+00,7.804399000000000086e+00
7.848550000000000360e+00,-3.107727999999999824e+00,5.656870000000000509e-01,7.843130000000000379e-01,2.200899000000000161e+00,7.628100000000000158e-02,5.571502999999999872e+00,7.762881000000000142e+00
7.822213999999999778e+00,-3.071614999999999540e+00,5.584099999999999620e-01,7.415899999999999714e-01,2.204431000000000029e+00,7.922600000000000475e-02,5.633435999999999666e+00,7.732141000000000375e+00
7.795885000000000176e+00,-3.035778999999999783e+00,5.517379999999999507e-01,7.982620000000000271e-01,2.208002000000000020e+00,8.042900000000000049e-02,5.694144999999999790e+00,7.711477999999999611e+00
7.769517000000000451e+00,-3.000156999999999741e+00,5.457020000000000204e-01,8.542980000000000018e-01,2.211578999999999962e+00,8.079400000000000470e-02,5.753853000000000328e+00,7.696157000000000359e+00
7.743064999999999642e+00,-2.964686999999999628e+00,5.403210000000000512e-01,8.596789999999999710e-01,2.215157000000000043e+00,8.085000000000000520e-02,5.812734999999999985e+00,7.682825000000000237e+00
7.716486999999999874e+00,-2.929312999999999612e+00,5.355990000000000473e-01,8.644009999999999749e-01,2.218733999999999984e+00,8.079600000000000670e-02,5.870927000000000007e+00,7.670105000000000395e+00
7.689744000000000135e+00,-2.893982999999999528e+00,5.315320000000000045e-01,9.184679999999999511e-01,2.222316000000000180e+00,8.073099999999999721e-02,5.928533999999999970e+00,7.657237000000000293e+00
7.662804999999999644e+00,-2.858657999999999699e+00,5.281090000000000506e-01,8.718909999999999716e-01,2.225906999999999858e+00,8.069300000000000084e-02,5.985637999999999792e+00,7.643876999999999811e+00
7.635644000000000098e+00,-2.823305999999999649e+00,5.253090000000000259e-01,8.746909999999999963e-01,2.229512000000000160e+00,8.067799999999999971e-02,6.042303000000000424e+00,7.630010000000000403e+00
7.608240000000000336e+00,-2.787902999999999576e+00,5.231059999999999599e-01,8.768939999999999513e-01,2.233131000000000199e+00,8.066399999999999959e-02,6.098575000000000301e+00,7.615825000000000067e+00
7.580580000000000318e+00,-2.752434999999999743e+00,5.214689999999999603e-01,8.785309999999999508e-01,2.236766999999999950e+00,8.062099999999999822e-02,6.154487999999999737e+00,7.601606999999999559e+00
7.552653000000000283e+00,-2.716890999999999501e+00,5.203630000000000200e-01,8.796370000000000022e-01,2.240416000000000185e+00,8.052399999999999836e-02,6.210067999999999699e+00,7.587650000000000006e+00
7.524453000000000280e+00,-2.681267999999999763e+00,5.197479999999999878e-01,8.802520000000000344e-01,2.244076000000000182e+00,8.035499999999999587e-02,6.265335999999999572e+00,7.574202999999999797e+00
7.495973000000000219e+00,-2.645561999999999525e+00,5.195830000000000171e-01,8.804170000000000051e-01,2.247743999999999964e+00,8.010200000000000653e-02,6.320308999999999955e+00,7.561468999999999774e+00
7.467210999999999821e+00,-2.609770999999999841e+00,4.698220000000000174e-01,8.801780000000000159e-01,2.251417000000000002e+00,7.976500000000000257e-02,6.375005999999999950e+00,7.549559000000000353e+00
7.438158000000000492e+00,-2.573889999999999567e+00,5.204210000000000225e-01,8.795789999999999997e-01,2.255090000000000039e+00,7.934199999999999586e-02,6.429447999999999830e+00,7.538581999999999894e+00
7.408808000000000504e+00,-2.537912999999999641e+00,4.713319999999999732e-01,8.786680000000000046e-01,2.258760999999999797e+00,7.882500000000000617e-02,6.483660000000000423e+00,7.528723000000000276e+00
7.379153000000000517e+00,-2.501831999999999834e+00,5.225079999999999725e-01,8.774920000000000497e-01,2.262424999999999908e+00,7.820699999999999874e-02,6.537668000000000035e+00,7.520169000000000104e+00
7.349183000000000021e+00,-2.465639999999999610e+00,4.739019999999999899e-01,8.760980000000000434e-01,2.266077000000000119e+00,7.748599999999999932e-02,6.591497999999999635e+00,3.782523999999999997e+00
7.318893000000000093e+00,-2.429332999999999743e+00,5.254680000000000462e-01,8.745319999999999760e-01,2.269741999999999926e+00,7.724999999999999922e-02,6.618577000000000155e+00,-9.382156000000000162e+00
7.288276999999999894e+00,-2.392904999999999838e+00,4.771580000000000266e-01,8.228419999999999623e-01,2.273514000000000035e+00,7.902199999999999502e-02,6.550774999999999793e+00,-9.380789000000000044e+00
7.257327000000000083e+00,-2.356361999999999846e+00,4.789249999999999896e-01,8.710750000000000437e-01,2.277394999999999836e+00,8.079799999999999482e-02,6.481834000000000096e+00,-9.380278999999999812e+00
7.226037999999999961e+00,-2.319708999999999577e+00,4.807210000000000094e-01,8.192789999999999795e-01,2.281388999999999889e+00,8.260800000000000087e-02,6.411712999999999774e+00,-9.380084999999999340e+00
7.194410999999999667e+00,-2.282956999999999681e+00,4.325039999999999996e-01,8.174960000000000004e-01,2.285496999999999890e+00,8.448999999999999566e-02,6.340381999999999962e+00,-9.379459999999999908e+00
7.162449000000000510e+00,-2.246121999999999730e+00,4.342349999999999821e-01,8.157649999999999624e-01,2.289727000000000068e+00,8.649999999999999356e-02,6.267820999999999643e+00,-9.377414999999999168e+00
7.130157000000000522e+00,-2.209224999999999550e+00,4.858810000000000073e-01,7.641189999999999927e-01,2.294087999999999905e+00,8.871500000000000219e-02,6.194028000000000311e+00,-9.373067000000000704e+00
7.097547999999999746e+00,-2.172290999999999528e+00,4.874160000000000159e-01,8.125839999999999730e-01,2.298591000000000051e+00,9.120999999999999941e-02,6.119016000000000233e+00,-9.365854000000000568e+00
7.064632999999999718e+00,-2.135347999999999580e+00,4.388190000000000146e-01,7.611809999999999965e-01,2.303253000000000217e+00,9.404400000000000259e-02,6.042806999999999817e+00,-9.355297000000000196e+00
7.031428000000000011e+00,-2.098426999999999598e+00,4.400740000000000207e-01,7.599259999999999904e-01,2.308089999999999975e+00,9.727299999999999836e-02,5.965434000000000125e+00,-9.340903000000000844e+00
6.997949000000000197e+00,-2.061560999999999755e+00,4.411720000000000086e-01,7.588279999999999470e-01,2.313121999999999900e+00,1.009560000000000041e-01,5.886940000000000062e+00,-9.322127000000000052e+00
6.964214000000000127e+00,-2.024787999999999588e+00,4.421089999999999742e-01,7.078910000000000480e-01,2.318372999999999795e+00,1.051570000000000005e-01,5.807379000000000069e+00,-9.298341999999999885e+00
6.930244000000000071e+00,-1.988144999999999607e+00,3.928849999999999842e-01,7.071150000000000491e-01,2.323868000000000045e+00,1.099500000000000061e-01,5.726816999999999602e+00,-9.268810000000000215e+00
6.896058000000000021e+00,-1.951674999999999605e+00,4.435049999999999826e-01,7.064949999999999841e-01,2.329635999999999818e+00,1.154150000000000037e-01,5.645331999999999795e+00,-9.232649999999999579e+00
6.861679999999999779e+00,-1.915420999999999596e+00,3.939799999999999969e-01,7.060199999999999809e-01,2.335710000000000175e+00,1.216460000000000041e-01,5.563019999999999854e+00,-9.188798999999999495e+00
6.827131999999999756e+00,-1.879427999999999654e+00,3.943220000000000058e-01,6.556779999999999831e-01,2.342124999999999790e+00,1.287449999999999983e-01,5.479993000000000336e+00,-9.135972999999999900e+00
6.792438999999999893e+00,-1.843744999999999745e+00,3.445489999999999942e-01,6.554510000000000058e-01,2.348923000000000094e+00,1.368320000000000092e-01,5.396383000000000152e+00,-9.072609999999999175e+00
6.757626000000000133e+00,-1.808420999999999612e+00,3.946790000000000020e-01,6.553210000000000424e-01,2.356149999999999967e+00,1.460390000000000021e-01,5.312344999999999651e+00,-8.996807999999999694e+00
6.722714999999999996e+00,-1.773506999999999723e+00,3.947359999999999758e-01,6.052640000000000242e-01,2.363856000000000179e+00,1.565159999999999885e-01,5.228059000000000012e+00,-8.906245999999999441e+00
6.687732999999999706e+00,-1.739056999999999631e+00,3.447439999999999949e-01,6.552559999999999496e-01,2.372097999999999818e+00,1.684279999999999944e-01,5.143737999999999921e+00,-8.798090999999999440e+00
6.652701999999999671e+00,-1.705122999999999722e+00,3.447290000000000076e-01,6.552710000000000479e-01,2.380937999999999999e+00,1.819560000000000066e-01,5.059629000000000154e+00,-8.668886000000000536e+00
6.617645000000000444e+00,-1.671759999999999691e+00,3.447189999999999976e-01,6.552810000000000024e-01,2.390444000000000013e+00,1.972949999999999982e-01,4.976018999999999970e+00,-8.514414000000000371e+00
6.582583000000000517e+00,-1.639019999999999699e+00,3.447430000000000216e-01,6.052570000000000450e-01,2.400691000000000130e+00,2.146470000000000045e-01,4.893246000000000429e+00,-8.329554999999999154e+00
6.547532000000000352e+00,-1.606957999999999664e+00,2.948270000000000057e-01,6.551730000000000054e-01,2.411757000000000151e+00,2.342130000000000045e-01,4.811702999999999619e+00,-8.108112000000000208e+00
6.512507000000000268e+00,-1.575623999999999691e+00,3.450010000000000021e-01,6.549989999999999979e-01,2.423726999999999965e+00,2.561769999999999881e-01,4.731849999999999667e+00,-7.842632000000000048e+00
6.477519000000000027e+00,-1.545068999999999582e+00,3.452919999999999878e-01,6.047080000000000233e-01,2.436685000000000212e+00,2.806830000000000158e-01,4.654221999999999859e+00,-7.524226999999999776e+00
6.442572000000000187e+00,-1.515338999999999547e+00,3.457270000000000065e-01,6.042729999999999491e-01,2.450717000000000034e+00,3.078000000000000180e-01,4.579444999999999766e+00,-7.142384999999999984e+00
6.407664999999999722e+00,-1.486476999999999604e+00,3.463289999999999980e-01,6.536710000000000020e-01,2.465901999999999816e+00,3.374759999999999982e-01,4.508249000000000173e+00,-6.684852000000000238e+00
6.372790000000000177e+00,-1.458522999999999570e+00,2.971239999999999992e-01,6.528760000000000119e-01,2.482307000000000041e+00,3.694709999999999939e-01,4.441478000000000037e+00,-6.138018999999999892e+00
6.337928999999999924e+00,-1.431506999999999641e+00,2.981340000000000101e-01,6.518659999999999455e-01,2.499976999999999894e+00,4.032589999999999786e-01,4.380104000000000219e+00,-5.489023000000000430e+00
6.303055000000000518e+00,-1.405453999999999537e+00,2.993810000000000082e-01,6.506189999999999474e-01,2.518923000000000023e+00,4.378819999999999935e-01,4.325206999999999802e+00,-4.729172000000000153e+00
6.268123000000000111e+00,-1.380374999999999686e+00,3.008870000000000156e-01,6.491130000000000511e-01,2.539104000000000028e+00,4.718310000000000004e-01,4.277929000000000315e+00,-3.855916000000000121e+00
6.233073000000000086e+00,-1.356266999999999667e+00,3.526710000000000123e-01,5.973289999999999988e-01,2.560414000000000190e+00,5.031069999999999709e-01,4.239410999999999596e+00,-2.873186000000000018e+00
6.197827000000000197e+00,-1.333115999999999746e+00,3.547529999999999850e-01,6.452470000000000150e-01,2.582670999999999939e+00,5.294210000000000305e-01,4.210734000000000421e+00,-1.788475999999999955e+00
6.162293000000000021e+00,-1.310890999999999584e+00,3.071490000000000054e-01,6.428509999999999502e-01,2.605621999999999883e+00,5.484520000000000506e-01,4.192895000000000039e+00,-5.546299999999999564e-01
6.126369999999999649e+00,-1.289553999999999645e+00,3.098770000000000135e-01,6.401229999999999976e-01,2.628944000000000170e+00,5.580530000000000213e-01,4.187363999999999642e+00,-1.944699999999999901e-02
6.089946000000000303e+00,-1.269052999999999543e+00,3.629519999999999968e-01,6.370479999999999476e-01,2.652353999999999878e+00,5.589640000000000164e-01,4.187170000000000059e+00,1.555800000000000065e-02
6.052907000000000259e+00,-1.249332999999999583e+00,3.163839999999999986e-01,6.336159999999999570e-01,2.675607999999999986e+00,5.521439999999999682e-01,4.187325999999999659e+00,1.242261000000000060e+00
6.015141999999999989e+00,-1.230339999999999545e+00,3.201700000000000101e-01,5.798299999999999566e-01,2.698342999999999936e+00,5.349819999999999576e-01,4.199848000000000248e+00,2.158914999999999917e+00
5.976551999999999865e+00,-1.212019999999999653e+00,3.243010000000000059e-01,6.256990000000000052e-01,2.720256000000000007e+00,5.096110000000000362e-01,4.221750000000000114e+00,3.003921000000000063e+00
5.937058999999999642e+00,-1.194318999999999686e+00,3.787499999999999756e-01,5.712500000000000355e-01,2.741095000000000059e+00,4.779610000000000247e-01,4.252432999999999907e+00,3.770786000000000193e+00
5.896614999999999718e+00,-1.177195999999999687e+00,3.834670000000000023e-01,6.165329999999999977e-01,2.760673000000000155e+00,4.423920000000000075e-01,4.291202000000000183e+00,4.446979999999999933e+00
5.855221000000000231e+00,-1.160618999999999623e+00,3.383829999999999893e-01,6.116169999999999662e-01,2.778896000000000033e+00,4.057080000000000131e-01,4.337164999999999715e+00,5.018604999999999983e+00
5.812923000000000506e+00,-1.144566999999999668e+00,3.434019999999999850e-01,6.065979999999999706e-01,2.795761999999999858e+00,3.703850000000000198e-01,4.389203000000000188e+00,5.483592999999999940e+00
5.769803999999999711e+00,-1.129030999999999674e+00,3.484160000000000035e-01,6.015840000000000076e-01,2.811341000000000090e+00,3.380440000000000111e-01,4.446094999999999686e+00,5.851691999999999894e+00
5.725973999999999897e+00,-1.114005999999999608e+00,4.033019999999999938e-01,5.966979999999999507e-01,2.825743000000000116e+00,3.095319999999999738e-01,4.506663999999999781e+00,6.136980000000000324e+00
5.681559000000000026e+00,-1.099491999999999692e+00,4.079389999999999961e-01,6.420609999999999928e-01,2.839106000000000130e+00,2.851290000000000213e-01,4.569853000000000165e+00,6.353863999999999734e+00
5.636687000000000225e+00,-1.085488999999999482e+00,3.622079999999999744e-01,6.377920000000000256e-01,2.851571999999999996e+00,2.647160000000000069e-01,4.634749000000000230e+00,6.515501999999999683e+00
5.591483000000000203e+00,-1.071997999999999784e+00,3.660080000000000000e-01,5.839919999999999556e-01,2.863277000000000072e+00,2.479570000000000107e-01,4.700598000000000276e+00,6.632954999999999934e+00
5.546060999999999908e+00,-1.059019999999999628e+00,3.692639999999999811e-01,6.307359999999999634e-01,2.874350999999999878e+00,2.344499999999999917e-01,4.766792999999999836e+00,6.714699999999999669e+00
5.500512000000000512e+00,-1.046548999999999729e+00,4.219300000000000272e-01,6.280700000000000172e-01,2.884901999999999855e+00,2.235689999999999900e-01,4.832860000000000156e+00,6.769679000000000002e+00
5.454900000000000304e+00,-1.034576999999999636e+00,4.239970000000000128e-01,6.260029999999999761e-01,2.895005999999999968e+00,2.144999999999999962e-01,4.898470999999999798e+00,6.807779000000000025e+00
5.409265999999999686e+00,-1.023089999999999611e+00,4.254830000000000001e-01,6.245169999999999888e-01,2.904713999999999796e+00,2.065529999999999866e-01,4.963440000000000296e+00,6.836933000000000149e+00
5.363631999999999955e+00,-1.012073999999999696e+00,4.264319999999999777e-01,6.235680000000000112e-01,2.914057000000000119e+00,1.992609999999999937e-01,5.027688999999999631e+00,6.862414000000000236e+00
5.318008000000000735e+00,-1.001509999999999678e+00,4.269029999999999769e-01,6.230970000000000120e-01,2.923054000000000041e+00,1.923179999999999890e-01,5.091210000000000235e+00,6.887615000000000265e+00
5.272391000000000716e+00,-9.913789999999996772e-01,4.269729999999999914e-01,6.230269999999999975e-01,2.931715000000000071e+00,1.855249999999999955e-01,5.154039000000000037e+00,6.914733000000000018e+00
5.226774000000000697e+00,-9.816619999999995905e-01,4.267210000000000170e-01,6.232790000000000274e-01,2.940046000000000159e+00,1.787459999999999882e-01,5.216236999999999568e+00,6.945235000000000269e+00
5.181143000000000498e+00,-9.723379999999995915e-01,4.262340000000000018e-01,6.237660000000000426e-01,2.948048000000000002e+00,1.718830000000000080e-01,5.277885000000000382e+00,6.980127999999999666e+00
5.135476999999999848e+00,-9.633879999999996890e-01,4.255950000000000011e-01,5.744050000000000544e-01,2.955719999999999903e+00,1.648789999999999978e-01,5.339074000000000098e+00,7.019866999999999635e+00
5.089752999999999972e+00,-9.547899999999996945e-01,4.248770000000000047e-01,5.751230000000000508e-01,2.963061000000000167e+00,1.577560000000000073e-01,5.399899999999999700e+00,7.063860000000000028e+00
5.043948000000000320e+00,-9.465239999999996989e-01,4.241460000000000230e-01,6.258540000000000214e-01,2.970073999999999881e+00,1.506020000000000136e-01,5.460449999999999804e+00,7.110684000000000005e+00
4.998041000000000622e+00,-9.385719999999996288e-01,4.734550000000000147e-01,6.265450000000000186e-01,2.976764999999999883e+00,1.435049999999999937e-01,5.520787999999999585e+00,7.158928999999999654e+00
4.952018000000000697e+00,-9.309169999999996614e-01,4.728479999999999905e-01,6.271520000000000428e-01,2.983140000000000125e+00,1.365300000000000125e-01,5.580959000000000003e+00,7.207497000000000043e+00
4.905870000000000175e+00,-9.235429999999996697e-01,4.723620000000000041e-01,5.776379999999999848e-01,2.989208000000000087e+00,1.297270000000000090e-01,5.640990999999999644e+00,7.255571999999999910e+00
4.859588999999999714e+00,-9.164349999999996665e-01,4.720280000000000031e-01,5.779720000000000413e-01,2.994979999999999976e+00,1.231270000000000003e-01,5.700898999999999717e+00,7.302586999999999939e+00
4.813171000000000532e+00,-9.095799999999996110e-01,4.718740000000000157e-01,6.281259999999999621e-01,3.000464000000000020e+00,1.167490000000000056e-01,5.760690999999999562e+00,7.348182999999999687e+00
4.766614000000000573e+00,-9.029659999999996023e-01,4.719229999999999814e-01,5.780769999999999520e-01,3.005670999999999982e+00,1.105980000000000019e-01,5.820365999999999929e+00,7.392177000000000220e+00
4.719915999999999556e+00,-8.965789999999996818e-01,4.722000000000000086e-01,5.777999999999999803e-01,3.010609999999999786e+00,1.046669999999999962e-01,5.879922999999999789e+00,7.434540000000000148e+00
4.673073999999999728e+00,-8.904079999999996442e-01,5.227300000000000280e-01,5.772699999999999498e-01,3.015290999999999944e+00,9.894200000000000217e-02,5.939360999999999891e+00,7.475347000000000186e+00
4.626079999999999970e+00,-8.844409999999996996e-01,5.235360000000000014e-01,5.264640000000000430e-01,3.019721999999999795e+00,9.339999999999999691e-02,5.998687000000000324e+00,7.514742000000000033e+00
4.578922999999999632e+00,-8.786659999999996140e-01,4.746449999999999836e-01,5.253550000000000164e-01,3.023909999999999876e+00,8.801900000000000002e-02,6.057911999999999964e+00,7.552865999999999858e+00
4.531587000000000032e+00,-8.730689999999996509e-01,4.760789999999999744e-01,5.239209999999999701e-01,3.027864000000000111e+00,8.278199999999999448e-02,6.117053000000000296e+00,7.589790999999999954e+00
4.484049999999999869e+00,-8.676389999999996050e-01,4.778589999999999782e-01,5.221409999999999663e-01,3.031588000000000171e+00,7.767499999999999405e-02,6.176133000000000095e+00,7.625538999999999845e+00
4.436293000000000042e+00,-8.623639999999996864e-01,4.800039999999999862e-01,5.199960000000000138e-01,3.035088000000000008e+00,7.268499999999999961e-02,6.235174999999999912e+00,7.660125999999999991e+00
4.388291999999999859e+00,-8.572329999999996897e-01,4.825249999999999817e-01,5.174750000000000183e-01,3.038370000000000015e+00,6.779699999999999616e-02,6.294203000000000436e+00,7.693588000000000093e+00
4.340027000000000079e+00,-8.522329999999996852e-01,4.854289999999999994e-01,5.145710000000000006e-01,3.041434999999999889e+00,6.298900000000000332e-02,6.353239000000000303e+00,7.726003999999999650e+00
4.291477999999999682e+00,-8.473539999999996075e-01,4.887170000000000125e-01,5.112830000000000430e-01,3.044284000000000212e+00,5.822999999999999704e-02,6.412301000000000251e+00,7.757494000000000334e+00
4.242634000000000682e+00,-8.425859999999996131e-01,4.923779999999999824e-01,5.076220000000000176e-01,3.046915999999999958e+00,5.347999999999999976e-02,6.471401000000000181e+00,7.788200999999999929e+00
4.193487000000000187e+00,-8.379189999999996363e-01,4.963949999999999751e-01,5.036049999999999693e-01,3.049326999999999899e+00,4.869199999999999917e-02,6.530545000000000044e+00,7.818255999999999872e+00
4.144040000000000390e+00,-8.333439999999996406e-01,5.007369999999999877e-01,4.992630000000000123e-01,3.051508999999999805e+00,4.381199999999999678e-02,6.589726999999999890e+00,7.847718999999999667e+00
4.094307999999999836e+00,-8.288519999999997001e-01,4.553619999999999890e-01,4.946380000000000221e-01,3.053450999999999915e+00,3.878600000000000103e-02,6.648928999999999867e+00,7.876515999999999629e+00
4.044316999999999496e+00,-8.244339999999996671e-01,4.602149999999999852e-01,4.897850000000000259e-01,3.055137999999999909e+00,3.355999999999999955e-02,6.708116999999999663e+00,7.904363000000000028e+00
3.994108999999999909e+00,-8.200819999999996446e-01,4.652240000000000264e-01,4.847759999999999847e-01,3.056556000000000051e+00,2.809000000000000039e-02,6.767241000000000284e+00,7.930701000000000001e+00
3.943738999999999884e+00,-8.157889999999996533e-01,4.703010000000000246e-01,4.796989999999999865e-01,3.057687000000000044e+00,2.234299999999999828e-02,6.826228000000000407e+00,7.954646000000000328e+00
3.893279000000000156e+00,-8.115449999999996278e-01,4.753419999999999868e-01,4.746580000000000243e-01,3.058511999999999897e+00,1.629299999999999846e-02,6.884984000000000215e+00,7.975038999999999767e+00
3.842814999999999870e+00,-8.073419999999996710e-01,4.802230000000000110e-01,5.197770000000000445e-01,3.059016999999999875e+00,9.993000000000000146e-03,6.943393000000000370e+00,7.990248000000000239e+00
3.792445000000000288e+00,-8.031739999999996105e-01,4.848040000000000127e-01,5.151959999999999873e-01,3.059206000000000092e+00,3.738000000000000003e-03,7.001314999999999955e+00,7.998522000000000354e+00
3.742269000000000290e+00,-7.990299999999996849e-01,4.889399999999999857e-01,5.110599999999999588e-01,3.059101000000000070e+00,-2.099000000000000171e-03,7.058599000000000068e+00,7.999464999999999826e+00
3.692372999999999905e+00,-7.949049999999996396e-01,4.424919999999999964e-01,5.075079999999999592e-01,3.058737999999999957e+00,-7.257999999999999695e-03,7.115113000000000021e+00,7.994294000000000011e+00
3.642822999999999922e+00,-7.907899999999996599e-01,4.453369999999999829e-01,5.046629999999999727e-01,3.058161000000000129e+00,-1.165899999999999923e-02,7.170759999999999579e+00,7.984937000000000396e+00
3.593647999999999954e+00,-7.866779999999996553e-01,4.473849999999999771e-01,5.026150000000000340e-01,3.057404000000000011e+00,-1.539899999999999949e-02,7.225501000000000396e+00,7.972953999999999652e+00
3.544845000000000024e+00,-7.825599999999997003e-01,4.485879999999999868e-01,5.014119999999999688e-01,3.056490999999999847e+00,-1.870099999999999887e-02,7.279344000000000037e+00,7.958914000000000044e+00
3.496377000000000290e+00,-7.784249999999997005e-01,4.489509999999999890e-01,5.010489999999999666e-01,3.055433999999999983e+00,-2.179100000000000134e-02,7.332336999999999883e+00,7.942548000000000386e+00
3.448185000000000056e+00,-7.742619999999996727e-01,4.485430000000000250e-01,5.014570000000000416e-01,3.054237999999999786e+00,-2.477499999999999841e-02,7.384548999999999808e+00,7.923532999999999937e+00
3.400201000000000029e+00,-7.700599999999996337e-01,4.475160000000000249e-01,5.024840000000000417e-01,3.052909999999999791e+00,-2.760999999999999913e-02,7.436053000000000246e+00,7.902245999999999881e+00
3.352357000000000031e+00,-7.658059999999996537e-01,4.960999999999999854e-01,5.039000000000000146e-01,3.051460000000000061e+00,-3.021099999999999827e-02,7.486924000000000134e+00,7.879574999999999996e+00
3.304591000000000278e+00,-7.614889999999996384e-01,4.945820000000000216e-01,4.554179999999999895e-01,3.049894999999999801e+00,-3.263599999999999834e-02,7.537231000000000236e+00,7.855447999999999986e+00
3.256845000000000212e+00,-7.570989999999996334e-01,4.932719999999999883e-01,4.567280000000000229e-01,3.048214999999999897e+00,-3.501200000000000145e-02,7.587038999999999866e+00,7.828917999999999822e+00
3.209043000000000312e+00,-7.526219999999996801e-01,4.924680000000000168e-01,4.575319999999999943e-01,3.046422000000000185e+00,-3.728499999999999870e-02,7.636421000000000348e+00,7.800542000000000087e+00
3.161089000000000038e+00,-7.480439999999997092e-01,4.924239999999999728e-01,4.575759999999999827e-01,3.044528999999999819e+00,-3.919799999999999673e-02,7.685470999999999719e+00,-7.136783000000000321e+00
3.112874999999999837e+00,-7.433499999999996222e-01,4.933159999999999767e-01,4.566839999999999788e-01,3.042498999999999842e+00,-4.174800000000000039e-02,7.640354000000000312e+00,-9.643990999999999758e+00
3.064309000000000172e+00,-7.385209999999996500e-01,4.952139999999999875e-01,5.047859999999999570e-01,3.040287999999999879e+00,-4.511799999999999838e-02,7.578497999999999735e+00,-9.559316000000000813e+00
3.015362999999999793e+00,-7.335459999999995873e-01,4.980470000000000175e-01,5.019529999999999825e-01,3.037774999999999892e+00,-5.092399999999999705e-02,7.516183999999999976e+00,-9.394921999999999329e+00
2.966127000000000180e+00,-7.284159999999996193e-01,5.015810000000000546e-01,4.984190000000000009e-01,3.034781000000000173e+00,-6.041699999999999848e-02,7.454050999999999760e+00,-9.136300999999999561e+00
2.916809999999999903e+00,-7.231279999999996599e-01,5.054459999999999509e-01,4.945539999999999936e-01,3.031172000000000200e+00,-7.289099999999999746e-02,7.393005999999999744e+00,-8.807392999999999361e+00
2.867677000000000032e+00,-7.176799999999996515e-01,5.092119999999999980e-01,5.407880000000000464e-01,3.026923000000000030e+00,-8.628900000000000459e-02,7.333878000000000341e+00,-8.468215999999999966e+00
2.818969000000000058e+00,-7.120709999999996764e-01,4.624619999999999842e-01,5.375379999999999603e-01,3.022123999999999810e+00,-9.842700000000000060e-02,7.277044000000000068e+00,-8.167626999999999526e+00
2.770819000000000365e+00,-7.062909999999996691e-01,4.648720000000000074e-01,5.351280000000000481e-01,3.016896000000000022e+00,-1.083950000000000052e-01,7.222407999999999717e+00,-7.901335000000000441e+00
2.723224000000000089e+00,-7.003249999999996422e-01,4.662680000000000158e-01,5.337319999999999842e-01,3.011315999999999882e+00,-1.168489999999999945e-01,7.169738999999999862e+00,-7.657642000000000060e+00
2.676086999999999883e+00,-6.941489999999996829e-01,5.166260000000000296e-01,5.333740000000000148e-01,3.005421999999999816e+00,-1.243660000000000043e-01,7.118782000000000387e+00,-7.447709999999999830e+00
2.629280999999999757e+00,-6.877359999999996809e-01,5.160310000000000175e-01,5.339690000000000270e-01,2.999251000000000111e+00,-1.308630000000000071e-01,7.069182999999999772e+00,-7.289252000000000287e+00
2.582696000000000325e+00,-6.810589999999996369e-01,5.146349999999999536e-01,5.353649999999999798e-01,2.992853000000000208e+00,-1.361189999999999900e-01,7.020488000000000284e+00,-7.184028999999999776e+00
2.536259000000000263e+00,-6.741009999999996172e-01,5.126110000000000388e-01,5.373890000000000056e-01,2.986272000000000038e+00,-1.402329999999999965e-01,6.972273000000000387e+00,-7.118450000000000166e+00
2.489930000000000199e+00,-6.668469999999996345e-01,5.101329999999999476e-01,5.898670000000000302e-01,2.979543000000000053e+00,-1.435569999999999902e-01,6.924229999999999663e+00,-7.077782000000000018e+00
2.443689000000000000e+00,-6.592869999999996233e-01,5.573609999999999953e-01,5.926390000000000269e-01,2.972684999999999800e+00,-1.464199999999999946e-01,6.876168999999999976e+00,-7.049121000000000414e+00
2.397531999999999996e+00,-6.514159999999996620e-01,5.044480000000000075e-01,5.955519999999999703e-01,2.965705999999999953e+00,-1.490940000000000043e-01,6.827999000000000152e+00,-7.022901000000000060e+00
2.351460000000000328e+00,-6.432279999999996889e-01,5.015340000000000353e-01,5.984660000000000535e-01,2.958606000000000069e+00,-1.517799999999999983e-01,6.779696999999999640e+00,-6.994005999999999723e+00
2.305474999999999941e+00,-6.347179999999996713e-01,4.987440000000000206e-01,5.512559999999999683e-01,2.951379000000000197e+00,-1.545850000000000002e-01,6.731279999999999930e+00,-6.961735000000000007e+00
2.259579000000000004e+00,-6.258809999999996876e-01,5.461899999999999533e-01,6.038099999999999579e-01,2.944017999999999802e+00,-1.575280000000000014e-01,6.682765999999999984e+00,-6.928964999999999819e+00
2.213769000000000098e+00,-6.167109999999995651e-01,5.439650000000000318e-01,6.060349999999999904e-01,2.936516999999999822e+00,-1.605499999999999983e-01,6.634147999999999712e+00,-6.900971000000000188e+00
2.168035000000000156e+00,-6.071979999999996824e-01,5.421449999999999880e-01,6.078550000000000342e-01,2.928876999999999953e+00,-1.635419999999999929e-01,6.585377000000000258e+00,-6.883841999999999572e+00
2.122364000000000139e+00,-5.973339999999995875e-01,5.407849999999999602e-01,6.092149999999999510e-01,2.921100000000000030e+00,-1.663779999999999981e-01,6.536351999999999940e+00,-6.880781999999999954e+00
2.076738000000000195e+00,-5.871069999999996014e-01,5.899170000000000247e-01,6.100830000000000419e-01,2.913193999999999839e+00,-1.689900000000000013e-01,6.486943000000000126e+00,-6.889254000000000211e+00
2.031144000000000283e+00,-5.765089999999997161e-01,5.895439999999999570e-01,6.104559999999999986e-01,2.905164000000000080e+00,-1.714299999999999990e-01,6.437038000000000260e+00,-6.900229000000000390e+00
1.985575000000000090e+00,-5.655299999999996441e-01,5.896400000000000530e-01,6.103600000000000136e-01,2.897008000000000028e+00,-1.738979999999999970e-01,6.386593999999999660e+00,-6.899002000000000301e+00
1.940040000000000209e+00,-5.541649999999995746e-01,5.901410000000000267e-01,6.598589999999999733e-01,2.888710000000000111e+00,-1.767320000000000002e-01,6.335693000000000019e+00,-6.868401999999999674e+00
1.894567000000000112e+00,-5.424139999999996187e-01,5.909419999999999673e-01,6.090579999999999883e-01,2.880240999999999829e+00,-1.803389999999999993e-01,6.284570000000000434e+00,-6.797799999999999621e+00
1.849206000000000127e+00,-5.302809999999996693e-01,5.919050000000000145e-01,6.080950000000000522e-01,2.871563000000000088e+00,-1.849689999999999945e-01,6.233572999999999809e+00,-6.687972000000000250e+00
1.804019999999999957e+00,-5.177739999999996234e-01,5.928710000000000369e-01,6.571289999999999631e-01,2.862639999999999851e+00,-1.905739999999999934e-01,6.183065000000000033e+00,-6.548799999999999955e+00
1.759068000000000076e+00,-5.048989999999996536e-01,5.936949999999999728e-01,6.563050000000000272e-01,2.853448999999999902e+00,-1.968779999999999974e-01,6.133339999999999570e+00,-6.395828999999999986e+00
1.714390000000000081e+00,-4.916569999999996776e-01,5.442690000000000028e-01,6.557309999999999528e-01,2.843983999999999845e+00,-2.034860000000000002e-01,6.084551000000000265e+00,-6.245341999999999949e+00
1.669996000000000036e+00,-4.780399999999996874e-01,5.945479999999999654e-01,6.554520000000000346e-01,2.834245999999999821e+00,-2.100259999999999905e-01,6.036699999999999733e+00,-6.111761999999999695e+00
1.625874000000000041e+00,-4.640359999999996710e-01,5.945559999999999734e-01,6.554440000000000266e-01,2.824249000000000009e+00,-2.162060000000000093e-01,5.989649000000000001e+00,-6.005895999999999901e+00
1.581997000000000098e+00,-4.496249999999996083e-01,6.443729999999999736e-01,6.556269999999999598e-01,2.814011999999999958e+00,-2.218390000000000084e-01,5.943159999999999776e+00,-5.933819999999999872e+00
1.538335000000000008e+00,-4.347869999999996460e-01,6.441200000000000259e-01,6.558800000000000185e-01,2.803554000000000102e+00,-2.268419999999999881e-01,5.896937999999999569e+00,-5.897769000000000261e+00
1.494855999999999963e+00,-4.195029999999996262e-01,6.439439999999999609e-01,6.560559999999999725e-01,2.792896999999999963e+00,-2.312019999999999909e-01,5.850662999999999947e+00,-5.898191999999999879e+00
1.451532000000000044e+00,-4.037529999999996400e-01,6.440069999999999961e-01,6.559930000000000483e-01,2.782061000000000117e+00,-2.349249999999999949e-01,5.804002999999999801e+00,-5.934388000000000218e+00
1.408332000000000139e+00,-3.875149999999996653e-01,6.444699999999999873e-01,6.555299999999999461e-01,2.771065999999999807e+00,-2.380230000000000123e-01,5.756622000000000128e+00,-6.001354000000000077e+00
1.365229000000000026e+00,-3.707709999999996286e-01,6.454769999999999675e-01,6.045230000000000325e-01,2.759926000000000101e+00,-2.405789999999999873e-01,5.708211000000000368e+00,-6.083544999999999980e+00
1.322199000000000124e+00,-3.535009999999996211e-01,5.971440000000000081e-01,6.528559999999999919e-01,2.748644999999999783e+00,-2.429099999999999870e-01,5.658578999999999581e+00,-6.154670999999999559e+00
1.279228000000000032e+00,-3.356889999999996266e-01,6.495400000000000063e-01,6.504600000000000382e-01,2.737201000000000217e+00,-2.456180000000000030e-01,5.607756000000000185e+00,-6.187072999999999823e+00
1.236323000000000061e+00,-3.173269999999996371e-01,6.526899999999999924e-01,6.473100000000000520e-01,2.725544999999999884e+00,-2.494069999999999898e-01,5.556027000000000271e+00,-6.156073000000000128e+00
1.193516000000000021e+00,-2.984129999999996508e-01,6.065720000000000001e-01,6.434279999999999999e-01,2.713602999999999987e+00,-2.549370000000000247e-01,5.503928000000000154e+00,-6.040238999999999692e+00
1.150861000000000134e+00,-2.789539999999996467e-01,6.611310000000000242e-01,6.388690000000000202e-01,2.701283000000000101e+00,-2.627329999999999943e-01,5.452232999999999663e+00,-5.820618999999999765e+00
1.108435000000000059e+00,-2.589649999999996677e-01,6.662789999999999546e-01,6.337209999999999788e-01,2.688485000000000014e+00,-2.730819999999999914e-01,5.401932000000000400e+00,-5.479606000000000421e+00
1.066328000000000165e+00,-2.384629999999996475e-01,6.719110000000000360e-01,6.280890000000000084e-01,2.675114999999999910e+00,-2.859570000000000167e-01,5.354214999999999947e+00,-5.000653999999999932e+00
1.024643000000000193e+00,-2.174729999999996388e-01,6.779060000000000086e-01,6.220940000000000358e-01,2.661106999999999889e+00,-3.009359999999999813e-01,5.310444999999999638e+00,-4.370510000000000339e+00
9.834750000000000991e-01,-1.960149999999996617e-01,6.841380000000000239e-01,6.658619999999999539e-01,2.646436000000000011e+00,-3.171240000000000170e-01,5.272098999999999869e+00,-3.587257000000000140e+00
9.429090000000001082e-01,-1.741079999999996519e-01,6.904810000000000114e-01,6.095190000000000330e-01,2.631140999999999952e+00,-3.330779999999999852e-01,5.240635000000000154e+00,-2.673281999999999936e+00
9.030030000000001111e-01,-1.517629999999996482e-01,7.468209999999999571e-01,6.031790000000000207e-01,2.615337999999999941e+00,-3.469300000000000161e-01,5.217252000000000223e+00,-1.664109999999999978e+00
8.637760000000000993e-01,-1.289759999999996465e-01,7.030610000000000470e-01,6.469390000000000418e-01,2.599202000000000012e+00,-3.569930000000000048e-01,5.202761999999999887e+00,-5.250899999999999457e-01
8.252080000000000526e-01,-1.057319999999996596e-01,7.091229999999999478e-01,6.408770000000000300e-01,2.582940999999999931e+00,-3.621750000000000247e-01,5.198215000000000252e+00,-2.391300000000000023e-02
7.872480000000000588e-01,-8.200399999999963274e-02,7.149480000000000279e-01,6.350519999999999499e-01,2.566734999999999989e+00,-3.627029999999999976e-01,5.198010000000000019e+00,1.913000000000000117e-02
7.498200000000000420e-01,-5.775599999999964096e-02,7.704929999999999835e-01,6.295070000000000388e-01,2.550733000000000139e+00,-3.590769999999999795e-01,5.198173999999999850e+00,1.125032000000000032e+00
7.128360000000001362e-01,-3.294799999999964424e-02,7.257249999999999535e-01,6.242750000000000243e-01,2.535112999999999950e+00,-3.505570000000000075e-01,5.207803000000000182e+00,1.939835999999999894e+00
6.762070000000001135e-01,-7.537999999999656087e-03,7.806199999999999806e-01,6.693799999999999750e-01,2.520000000000000018e+00,-3.384260000000000046e-01,5.224382000000000303e+00,1.270302999999999960e+00
6.398450000000001081e-01,1.850900000000033074e-02,7.851550000000000473e-01,6.148449999999999749e-01,2.505355999999999916e+00,-3.265560000000000129e-01,5.235247000000000206e+00,-4.732101000000000113e+00
6.036830000000000807e-01,4.522100000000034425e-02,7.893120000000000136e-01,6.606880000000000530e-01,2.490925999999999974e+00,-3.199609999999999954e-01,5.194449999999999790e+00,-5.242804999999999715e+00
5.676860000000001349e-01,7.262500000000032818e-02,7.930819999999999537e-01,6.569180000000000019e-01,2.476636000000000060e+00,-3.148159999999999847e-01,5.148584999999999745e+00,-5.614215999999999873e+00
5.318470000000000697e-01,1.007260000000003708e-01,8.464519999999999822e-01,6.535480000000000178e-01,2.462385999999999964e+00,-3.119549999999999823e-01,5.098681000000000019e+00,-5.865173999999999666e+00
4.961960000000000814e-01,1.295080000000003451e-01,8.494009999999999616e-01,6.505990000000000384e-01,2.448065999999999853e+00,-3.117679999999999896e-01,5.045697999999999794e+00,-6.013746000000000258e+00
4.607910000000000617e-01,1.589400000000003588e-01,8.518980000000000441e-01,6.481019999999999559e-01,2.433568999999999871e+00,-3.143839999999999968e-01,4.990522000000000347e+00,-6.070657999999999888e+00
4.257070000000000576e-01,1.889750000000003372e-01,8.539090000000000291e-01,6.960910000000000153e-01,2.418785999999999881e+00,-3.198880000000000057e-01,4.934021000000000434e+00,-6.041381999999999586e+00
3.910310000000001285e-01,2.195610000000003392e-01,8.553899999999999837e-01,6.946099999999999497e-01,2.403611999999999860e+00,-3.283200000000000007e-01,4.877075999999999745e+00,-5.927057999999999716e+00
3.568520000000000580e-01,2.506430000000003933e-01,8.563009999999999788e-01,6.936989999999999545e-01,2.387941999999999787e+00,-3.396580000000000155e-01,4.820604999999999585e+00,-5.725075999999999610e+00
3.232590000000001851e-01,2.821680000000003075e-01,8.566000000000000281e-01,6.934000000000000163e-01,2.371680000000000010e+00,-3.537959999999999994e-01,4.765577999999999648e+00,-5.429706999999999617e+00
2.903320000000000345e-01,3.140900000000003134e-01,9.062449999999999672e-01,7.437550000000000550e-01,2.354738000000000220e+00,-3.704870000000000108e-01,4.713035999999999781e+00,-5.032947000000000060e+00
2.581400000000000361e-01,3.463770000000003790e-01,9.052040000000000086e-01,6.947959999999999692e-01,2.337047999999999792e+00,-3.892800000000000149e-01,4.664093000000000266e+00,-4.525769999999999627e+00
2.267310000000000159e-01,3.790120000000003486e-01,9.534460000000000157e-01,6.965540000000000065e-01,2.318564999999999987e+00,-4.094349999999999934e-01,4.619932999999999623e+00,-3.899910000000000210e+00
1.961370000000000058e-01,4.120000000000003659e-01,9.509499999999999620e-01,6.990499999999999492e-01,2.299282999999999966e+00,-4.298609999999999931e-01,4.581795999999999758e+00,-3.150440000000000129e+00
1.663660000000000139e-01,4.453680000000003192e-01,9.477029999999999621e-01,7.522969999999999935e-01,2.279246999999999801e+00,-4.490810000000000080e-01,4.550943000000000183e+00,-2.282467000000000024e+00
1.374049999999999994e-01,4.791680000000003714e-01,9.437010000000000121e-01,7.562990000000000546e-01,2.258564999999999934e+00,-4.652499999999999969e-01,4.528564000000000256e+00,-1.315693999999999919e+00
1.092230000000000700e-01,5.134690000000003973e-01,9.889529999999999710e-01,7.610470000000000290e-01,2.237417999999999907e+00,-4.764240000000000141e-01,4.515647999999999662e+00,-2.089299999999999838e-02
8.178100000000010361e-02,5.483490000000003084e-01,9.834779999999999633e-01,7.665220000000000367e-01,2.216063000000000116e+00,-4.806449999999999889e-01,4.515443000000000318e+00,1.671399999999999969e-02
5.503300000000010961e-02,5.838810000000003164e-01,1.027306000000000052e+00,7.226939999999999475e-01,2.194672999999999874e+00,-4.799450000000000105e-01,4.515607000000000149e+00,-7.066989999999999661e-01
2.894300000000016304e-02,6.201300000000004031e-01,1.020485000000000086e+00,7.295150000000000245e-01,2.173392000000000213e+00,-4.750659999999999883e-01,4.508612000000000286e+00,-2.650341000000000058e+00
3.480000000000149640e-03,6.571420000000003370e-01,1.063083000000000000e+00,7.369170000000000442e-01,2.152187000000000072e+00,-4.703729999999999856e-01,4.482124999999999915e+00,-3.525237000000000176e+00
-2.136300000000002086e-02,6.949460000000003967e-01,1.055198000000000080e+00,7.948020000000000085e-01,2.131127000000000216e+00,-4.638660000000000005e-01,4.446404000000000245e+00,-4.295334999999999681e+00
-4.557899999999981411e-02,7.335420000000003604e-01,1.096959999999999935e+00,8.030399999999999761e-01,2.110249000000000041e+00,-4.566720000000000224e-01,4.402167999999999637e+00,-4.942262999999999629e+00
-6.914199999999981472e-02,7.729010000000002822e-01,1.088526000000000105e+00,8.114740000000000286e-01,2.089538999999999813e+00,-4.501530000000000253e-01,4.350361000000000367e+00,-5.457906999999999620e+00
-9.201700000000001545e-02,8.129690000000002748e-01,1.130084000000000088e+00,8.199159999999999782e-01,2.068928999999999796e+00,-4.457490000000000063e-01,4.292086000000000290e+00,-5.841317000000000093e+00
-1.141539999999998667e-01,8.536720000000004305e-01,1.171848999999999918e+00,7.781510000000000371e-01,2.048292000000000002e+00,-4.448489999999999944e-01,4.228557000000000343e+00,-6.093868999999999758e+00
-1.354999999999999538e-01,8.949240000000002748e-01,1.164063999999999988e+00,8.359360000000000124e-01,2.027439999999999909e+00,-4.487599999999999922e-01,4.161082000000000392e+00,-6.224034999999999762e+00
-1.559949999999998838e-01,9.366420000000004187e-01,1.156978000000000062e+00,8.430220000000000491e-01,2.006142999999999788e+00,-4.583160000000000012e-01,4.090965999999999880e+00,-6.256746999999999836e+00
-1.755860000000000198e-01,9.787640000000004115e-01,1.200836999999999932e+00,7.991629999999999567e-01,1.984169999999999989e+00,-4.732230000000000047e-01,4.019288000000000416e+00,-6.234542000000000250e+00
-1.942279999999998452e-01,1.021262000000000336e+00,1.195862999999999898e+00,8.541370000000000351e-01,1.961348000000000091e+00,-4.919209999999999972e-01,3.946645999999999876e+00,-6.211065999999999754e+00
-2.118849999999998790e-01,1.064150000000000373e+00,1.192239999999999966e+00,8.577599999999999669e-01,1.937589999999999923e+00,-5.120350000000000179e-01,3.872967000000000048e+00,-6.233792000000000222e+00
-2.285299999999998999e-01,1.107476000000000349e+00,1.190099000000000018e+00,8.599010000000000264e-01,1.912897000000000070e+00,-5.313539999999999930e-01,3.797525999999999957e+00,-6.319480999999999682e+00
-2.441389999999998839e-01,1.151310000000000278e+00,1.239509999999999890e+00,9.104900000000000215e-01,1.887294999999999945e+00,-5.490490000000000093e-01,3.719287000000000010e+00,-6.439911999999999637e+00
-2.586819999999998565e-01,1.195716000000000445e+00,1.240464000000000011e+00,9.095360000000000111e-01,1.860749999999999904e+00,-5.666330000000000533e-01,3.637481000000000186e+00,-6.530181999999999931e+00
-2.721089999999999343e-01,1.240717000000000292e+00,1.242863999999999969e+00,9.071360000000000534e-01,1.833067000000000002e+00,-5.882030000000000314e-01,3.552170999999999967e+00,-6.510098000000000162e+00
-2.843379999999999797e-01,1.286269000000000329e+00,1.246512999999999982e+00,9.534869999999999735e-01,1.803814999999999946e+00,-6.197049999999999503e-01,3.464653000000000205e+00,-6.308165999999999940e+00
-2.952449999999999797e-01,1.332229000000000330e+00,1.201100000000000056e+00,9.488999999999999657e-01,1.772375000000000034e+00,-6.665649999999999631e-01,3.377552000000000110e+00,-5.869402000000000008e+00
-3.046749999999998071e-01,1.378371000000000457e+00,1.206233000000000111e+00,9.437670000000000226e-01,1.738088999999999995e+00,-7.309369999999999479e-01,3.294693999999999789e+00,-5.144449999999999967e+00
-3.124529999999998697e-01,1.424430000000000307e+00,1.161480000000000068e+00,9.385200000000000209e-01,1.700484000000000107e+00,-8.100420000000000398e-01,3.220931000000000211e+00,-4.086495000000000211e+00
-3.184190000000000076e-01,1.470174000000000314e+00,1.166425999999999963e+00,9.335740000000000149e-01,1.659502999999999950e+00,-8.946720000000000228e-01,3.161859999999999893e+00,-2.662708999999999993e+00
-3.224469999999999281e-01,1.515470000000000317e+00,1.070710000000000051e+00,9.292899999999999494e-01,1.615736999999999979e+00,-9.683249999999999913e-01,3.123329000000000022e+00,-7.657789999999999875e-01
-3.244650000000000034e-01,1.560337000000000307e+00,1.074049000000000031e+00,9.259509999999999685e-01,1.570576999999999890e+00,-1.008756999999999904e+00,3.112298000000000009e+00,-1.476700000000000061e-02
-3.244549999999999379e-01,1.604954000000000436e+00,1.026240000000000041e+00,9.237600000000000255e-01,1.525377999999999901e+00,-1.011864000000000097e+00,3.112086999999999826e+00,1.181300000000000058e-02
-3.224249999999999616e-01,1.649621000000000448e+00,1.027192000000000105e+00,9.228079999999999616e-01,1.481241999999999948e+00,-9.816219999999999946e-01,3.112255999999999911e+00,1.937864000000000031e+00
-3.183819999999999428e-01,1.694643000000000344e+00,1.026953999999999922e+00,9.230460000000000331e-01,1.439705000000000013e+00,-9.114349999999999952e-01,3.140277000000000207e+00,3.188501000000000030e+00
-3.123779999999998225e-01,1.740185000000000315e+00,1.075709999999999944e+00,9.242899999999999450e-01,1.401396000000000086e+00,-8.272709999999999786e-01,3.186577000000000215e+00,4.120133000000000045e+00
-3.045089999999999186e-01,1.786192000000000224e+00,1.073769999999999891e+00,9.262299999999999978e-01,1.366225999999999940e+00,-7.491870000000000474e-01,3.246366000000000085e+00,4.738834999999999908e+00
-2.949189999999999312e-01,1.832415000000000571e+00,1.121537000000000006e+00,9.284630000000000383e-01,1.333630000000000093e+00,-6.889210000000000056e-01,3.314560999999999868e+00,5.081845999999999641e+00
-2.837779999999998637e-01,1.878507000000000371e+00,1.069450999999999929e+00,9.305489999999999595e-01,1.302837000000000023e+00,-6.500970000000000359e-01,3.386483999999999828e+00,5.192173000000000371e+00
-2.712509999999999089e-01,1.924129000000000200e+00,1.067919000000000063e+00,9.320810000000000484e-01,1.273125000000000062e+00,-6.301350000000000007e-01,3.458260999999999807e+00,5.113992999999999789e+00
-2.574699999999998656e-01,1.969051000000000329e+00,1.117248999999999937e+00,8.827509999999999524e-01,1.244026000000000076e+00,-6.218470000000000386e-01,3.527060999999999780e+00,4.911234999999999573e+00
-2.425129999999999786e-01,2.013183000000000167e+00,1.117614000000000107e+00,9.323860000000000481e-01,1.215373000000000037e+00,-6.171429999999999971e-01,3.591362000000000165e+00,4.666661999999999644e+00
-2.264169999999998684e-01,2.056547000000000569e+00,1.119067000000000034e+00,9.309330000000000105e-01,1.187195000000000000e+00,-6.107679999999999776e-01,3.650971999999999884e+00,4.453193999999999875e+00
-2.091959999999999376e-01,2.099215000000000497e+00,1.171561000000000075e+00,9.284390000000000143e-01,1.159567000000000014e+00,-6.013920000000000377e-01,3.706669000000000214e+00,4.301512999999999920e+00
-1.908619999999998651e-01,2.141257000000000410e+00,1.174970000000000070e+00,8.750299999999999745e-01,1.132481999999999989e+00,-5.911030000000000451e-01,3.759519000000000055e+00,4.181581000000000437e+00
-1.714350000000000041e-01,2.182704000000000200e+00,1.179113000000000078e+00,9.208870000000000111e-01,1.105820999999999943e+00,-5.830170000000000075e-01,3.810093000000000174e+00,4.032999000000000223e+00
-1.509499999999999176e-01,2.223537000000000319e+00,1.183769000000000071e+00,9.162310000000000176e-01,1.079404000000000030e+00,-5.790450000000000319e-01,3.858146000000000075e+00,3.806919999999999860e+00
-1.294549999999998757e-01,2.263702000000000325e+00,1.188695000000000057e+00,9.613049999999999651e-01,1.053055000000000074e+00,-5.795150000000000023e-01,3.902839000000000169e+00,3.474826999999999888e+00
-1.069959999999998690e-01,2.303134000000000459e+00,1.193648000000000042e+00,9.563519999999999799e-01,1.026645000000000030e+00,-5.833249999999999824e-01,3.943033999999999928e+00,3.031242000000000214e+00
-8.361299999999993737e-02,2.341778000000000137e+00,1.198393999999999959e+00,9.516059999999999519e-01,1.000134999999999996e+00,-5.882690000000000419e-01,3.977606000000000197e+00,2.504884000000000110e+00
-5.932699999999990759e-02,2.379613000000000422e+00,1.152725000000000000e+00,8.972750000000000448e-01,9.735880000000000090e-01,-5.914589999999999570e-01,4.005818999999999797e+00,1.993359000000000103e+00
-3.413199999999982914e-02,2.416661000000000392e+00,1.106470000000000065e+00,8.935300000000000464e-01,9.471770000000000467e-01,-5.897360000000000380e-01,4.028052999999999884e+00,1.728220000000000089e+00
-7.990999999999859327e-03,2.452999000000000152e+00,1.059498000000000051e+00,8.905020000000000158e-01,9.211780000000000523e-01,-5.799929999999999808e-01,4.047213000000000171e+00,1.963449999999999918e+00
1.916099999999998360e-02,2.488744000000000511e+00,1.061723999999999890e+00,8.882759999999999545e-01,8.959430000000000449e-01,-5.601819999999999578e-01,4.068932000000000215e+00,2.584490999999999872e+00
4.740400000000000169e-02,2.524040000000000283e+00,1.063113999999999892e+00,8.868859999999999522e-01,8.718069999999999986e-01,-5.310300000000000020e-01,4.097545000000000215e+00,3.320551000000000030e+00
7.680600000000015193e-02,2.559019000000000155e+00,1.013678999999999997e+00,8.863210000000000255e-01,8.490090000000000137e-01,-4.955840000000000245e-01,4.134409999999999918e+00,4.022301999999999822e+00
1.074030000000001372e-01,2.593778000000000361e+00,1.013468000000000035e+00,8.865319999999999867e-01,8.276679999999999593e-01,-4.575670000000000015e-01,4.179218999999999795e+00,4.630118999999999652e+00
1.391839999999999744e-01,2.628367000000000342e+00,9.625629999999999464e-01,8.874370000000000314e-01,8.077910000000000368e-01,-4.202560000000000184e-01,4.230939000000000227e+00,5.126928000000000374e+00
1.720950000000001090e-01,2.662785000000000402e+00,1.011073000000000111e+00,8.889270000000000227e-01,7.892980000000000551e-01,-3.860230000000000050e-01,4.288256999999999763e+00,5.515401999999999916e+00
2.060360000000001079e-01,2.696993000000000418e+00,1.009127000000000107e+00,8.908730000000000260e-01,7.720500000000000140e-01,-3.563180000000000236e-01,4.349795000000000300e+00,5.806092999999999726e+00
2.408750000000001723e-01,2.730914000000000286e+00,1.006861999999999924e+00,8.931379999999999875e-01,7.558679999999999843e-01,-3.318690000000000251e-01,4.414222999999999786e+00,6.011070000000000135e+00
2.764530000000000598e-01,2.764450000000000518e+00,1.004415000000000058e+00,8.955849999999999644e-01,7.405570000000000208e-01,-3.129170000000000007e-01,4.480307999999999957e+00,6.140655999999999892e+00
3.125980000000001535e-01,2.797490000000000254e+00,1.001905000000000046e+00,8.980949999999999767e-01,7.259109999999999729e-01,-2.994149999999999867e-01,4.546931999999999974e+00,6.201889000000000429e+00
3.491350000000000842e-01,2.829920000000000435e+00,9.994250000000000078e-01,9.005750000000000144e-01,7.117310000000000025e-01,-2.911790000000000211e-01,4.613086000000000020e+00,6.197783000000000264e+00
3.858970000000000455e-01,2.861629000000000200e+00,9.970229999999999926e-01,9.029770000000000296e-01,6.978189999999999671e-01,-2.879749999999999810e-01,4.677857000000000376e+00,6.126746999999999943e+00
4.227320000000001077e-01,2.892517000000000227e+00,9.946899999999999631e-01,9.053099999999999481e-01,6.839859999999999829e-01,-2.895960000000000201e-01,4.740401000000000309e+00,5.981480000000000352e+00
4.595150000000001178e-01,2.922505000000000575e+00,9.923469999999999791e-01,8.576529999999999987e-01,6.700519999999999810e-01,-2.957679999999999754e-01,4.799910999999999817e+00,5.749449000000000254e+00
4.961680000000000534e-01,2.951547000000000143e+00,9.898419999999999996e-01,9.101580000000000226e-01,6.558580000000000521e-01,-3.057980000000000143e-01,4.855603999999999587e+00,5.418479999999999741e+00
5.326760000000000383e-01,2.979640000000000288e+00,9.869609999999999772e-01,8.630390000000000006e-01,6.412830000000000474e-01,-3.185209999999999986e-01,4.906740000000000101e+00,4.980902999999999636e+00
5.690960000000000463e-01,3.006829000000000196e+00,9.834509999999999641e-01,8.665490000000000137e-01,6.262469999999999981e-01,-3.324030000000000040e-01,4.952663000000000260e+00,4.438302000000000191e+00
6.055740000000000567e-01,3.033216000000000356e+00,9.790299999999999558e-01,8.709700000000000220e-01,6.107169999999999543e-01,-3.454490000000000061e-01,4.992846000000000117e+00,3.818545999999999996e+00
6.423470000000001123e-01,3.058957000000000370e+00,9.734000000000000430e-01,8.766000000000000458e-01,5.947339999999999849e-01,-3.549869999999999970e-01,5.027059000000000388e+00,3.220213000000000214e+00
6.797510000000001051e-01,3.084258000000000166e+00,9.662500000000000533e-01,8.837500000000000355e-01,5.784559999999999702e-01,-3.574640000000000040e-01,5.055903999999999954e+00,2.891322000000000170e+00
7.181980000000001141e-01,3.109363000000000543e+00,9.572619999999999463e-01,8.927380000000000315e-01,5.622270000000000323e-01,-3.485530000000000017e-01,5.082094999999999807e+00,3.161420999999999815e+00
7.581380000000000896e-01,3.134527000000000285e+00,8.961130000000000484e-01,9.038869999999999960e-01,5.466339999999999533e-01,-3.241430000000000144e-01,5.111377000000000059e+00,-1.000000000000000000e+01
